index,published,keyword,domain,language,valid,title,description,url,image,archive,content,quote,de,en,la,added
65785500a96d6e8d9ae62db1bd43040e,2026-07-01T09:23:41Z,'Unwetterwarnung',www.zeit.de,de,0.9,Warnung vor Sturm und Hagel: Abfertigungsstopp am Münchner Flughafen nach Unwetterwarnung,Hier finden Sie Informationen zu dem Thema „Warnung vor Sturm und Hagel“. Lesen Sie jetzt „Abfertigungsstopp am Münchner Flughafen nach Unwetterwarnung“.,https://www.zeit.de/news/2026-07/01/abfertigungsstopp-am-muenchner-flughafen-nach-unwetterwarnung,https://img.zeit.de/news/2026-07/01/abfertigungsstopp-am-muenchner-flughafen-nach-unwetterwarnung-image-group/wide__1300x731,,"Wegen einer Unwetterwarnung werden am Münchner Flughafen vorerst keine Maschinen abgefertigt. Der Abfertigungsbetrieb sei vorerst eingestellt, teilte der Flughafen per Durchsage vor Ort mit. 
Aufgru… [+415 chars]",,Warnung vor Sturm und Hagel: Abfertigungsstopp am Münchner Flughafen nach Unwetterwarnung. Hier finden Sie Informationen zu dem Thema „Warnung vor Sturm und Hagel“. Lesen Sie jetzt „Abfertigungsstopp am Münchner Flughafen nach Unwetterwarnung“.,Warning of storms and hail: check-in stop at Munich Airport after a severe weather warning. Here you will find information on the topic “Warning about storms and hail”. Now read “Check-in stop at Munich Airport after severe weather warning”.,"Monitum procellarum et grandinum: perscriptio in statione apud Airport Munich post tempestatem gravem admonitionem. Hic informationes invenies in themate ""Admonitio de procellis et grandinibus"". Nunc legitur ""Reprehendo-in statur apud Munich Airport post tempestatem gravem admonitionem"".",2026-07-03 06:49:16+00:00
a56a5b9f861cb74a9441a1b730596a17,2026-07-01T09:24:50Z,'Unwetterwarnung',www.tagesspiegel.de,de,0.9,Wetter: Abfertigungsstopp am Münchner Flughafen nach Unwetterwarnung,Seit Tagen ziehen immer wieder teils schwere Gewitter über Bayern. Am Münchner Flughafen wurden nun Maschinen ausgebremst.,https://www.tagesspiegel.de/gesellschaft/panorama/wetter-abfertigungsstopp-am-munchner-flughafen-nach-unwetterwarnung-15780952.html,https://www.tagesspiegel.de/images/15781444/alternates/BASE_16_9_W1400/1782902506000/abfertigungsstopp-am-munchner-flughafen-nach-unwetterwarnung.jpeg,http://web.archive.org/web/20260702074454/https://www.tagesspiegel.de/gesellschaft/panorama/wetter-abfertigungsstopp-am-munchner-flughafen-nach-unwetterwarnung-15780952.html,"Nach einer Unwetterwarnung sind am Münchner Flughafen am Vormittag zeitweise keine Maschinen abgefertigt worden. Wegen der Wetterlage sei für 30 Minuten ein Abfertigungsstopp ausgerufen worden, teilt… [+916 chars]",,Wetter: Abfertigungsstopp am Münchner Flughafen nach Unwetterwarnung. Seit Tagen ziehen immer wieder teils schwere Gewitter über Bayern. Am Münchner Flughafen wurden nun Maschinen ausgebremst.,Weather: Check-in stop at Munich airport after severe weather warning. Severe thunderstorms have been raging across Bavaria for days. Machines have now been slowed down at Munich Airport.,Tempestas: Check-in stop ad aeroportus Monacensis cum gravibus tempestatibus admonitio. Gravibus tonitribus trans Bavariam diebus saeviebant. Machinae nunc apud Airport Munich retardatae sunt.,2026-07-03 06:49:16+00:00
894dda3f7b2b474d12157372118959de,2026-07-01T09:24:50Z,'Unwetterwarnung',www.tagesspiegel.de,de,0.9,Warnung vor Sturm und Hagel: Abfertigungsstopp am Münchner Flughafen nach Unwetterwarnung,Seit Tagen ziehen immer wieder teils schwere Gewitter über Bayern. Wegen einer Unwetterwarnung werden jetzt auch Maschinen am Münchner Flughafen ausgebremst.,https://www.tagesspiegel.de/gesellschaft/panorama/warnung-vor-sturm-und-hagel-abfertigungsstopp-am-munchner-flughafen-nach-unwetterwarnung-15780952.html,https://www.tagesspiegel.de/images/15780951/alternates/BASE_16_9_W1400/1782897890000/munchner-flughafen.jpeg,,"Wegen einer Unwetterwarnung werden am Münchner Flughafen vorerst keine Maschinen abgefertigt. Der Abfertigungsbetrieb sei vorerst eingestellt, teilte der Flughafen per Durchsage vor Ort mit. 
Aufgru… [+469 chars]",,Warnung vor Sturm und Hagel: Abfertigungsstopp am Münchner Flughafen nach Unwetterwarnung. Seit Tagen ziehen immer wieder teils schwere Gewitter über Bayern. Wegen einer Unwetterwarnung werden jetzt auch Maschinen am Münchner Flughafen ausgebremst.,"Warning of storms and hail: check-in stop at Munich Airport after a severe weather warning. Severe thunderstorms have been raging across Bavaria for days. Due to a severe weather warning, machines at Munich Airport are now also being slowed down.","Monitum procellarum et grandinum: perscriptio in statione apud Airport Munich post tempestatem gravem admonitionem. Gravibus tonitribus trans Bavariam diebus saeviebant. Ob tempestatem gravem monendo, machinae apud Airport Munich etiam nunc retardatae sunt.",2026-07-03 06:49:16+00:00
9094bd6d85a820cea3a9cbe9dafc5b56,2026-07-01T09:39:34Z,'Unwetterwarnung',www.sueddeutsche.de,de,0.9,Sturm und Hagel: Abfertigungsstopp am Münchner Flughafen nach Unwetterwarnung,Seit Tagen ziehen immer wieder teils schwere Gewitter über Bayern. Wegen einer Unwetterwarnung werden jetzt auch Maschinen am Münchner Flughafen ausgebremst.,https://www.sueddeutsche.de/muenchen/flughafen-muenchen-unwetter-abfertigung-stopp-li.3508560,https://www.sueddeutsche.de/2026/07/01/9b785ce2-8063-49b9-a731-469777b3069b.jpg?q=60&fm=webp&width=1200&rect=0%2C205%2C4000%2C2250,,"Wegen einer Unwetterwarnung werden am Münchner Flughafen vorerst keine Maschinen abgefertigt. Der Abfertigungsbetrieb sei vorerst eingestellt, teilte der Flughafen per Durchsage vor Ort mit.Aufgrund … [+368 chars]",,Sturm und Hagel: Abfertigungsstopp am Münchner Flughafen nach Unwetterwarnung. Seit Tagen ziehen immer wieder teils schwere Gewitter über Bayern. Wegen einer Unwetterwarnung werden jetzt auch Maschinen am Münchner Flughafen ausgebremst.,"Storm and hail: check-in stop at Munich airport after severe weather warning. Severe thunderstorms have been raging across Bavaria for days. Due to a severe weather warning, machines at Munich Airport are now also being slowed down.","Tempestas et grando: in aeroportus Monacensis apud moras-reprehendo post tempestatem gravem admonitionem. Gravibus tonitribus trans Bavariam diebus saeviebant. Ob tempestatem gravem monendo, machinae apud Airport Munich etiam nunc retardatae sunt.",2026-07-03 06:49:16+00:00
fa44d035b3ce80fd14c2091ff075daaa,2026-07-01T17:00:48Z,'Unwetterwarnung',www.morgenpost.de,de,0.9,Unwetterwarnung kurz vor Foo-Fighters-Konzert in Berlin – Beginn unklar,"Kurz vor dem geplanten Auftritt um 19 Uhr wird vor Unwetter gewarnt. Wann das Konzert starten kann, ist noch offen. News im Blog.",https://www.morgenpost.de/berlin/article412346994/wetter-berlin-aktuell-news-warnungen-gewitter-unwetter-foo-fighters-olympiastadion.html,https://img.sparknews.funkemedien.de/412454875/412454875_1782925286_v16_9_1600.jpeg,,Stresstest für Straßen: Neben den erheblichen Hitzeschäden auf Autobahnen waren auch Landesstraßen in Brandenburg betroffen. Die Straßenmeistereien waren laut Verkehrsministerium auf die extremen Tem… [+1430 chars],,"Unwetterwarnung kurz vor Foo-Fighters-Konzert in Berlin – Beginn unklar. Kurz vor dem geplanten Auftritt um 19 Uhr wird vor Unwetter gewarnt. Wann das Konzert starten kann, ist noch offen. News im Blog.",Storm warning shortly before the Foo Fighters concert in Berlin - beginning unclear. Shortly before the planned performance at 7 p.m. there is a warning about severe weather. It is still unclear when the concert can start. News in the blog.,Tempestas monitum paulo ante Foo Pugnatores concentus Berolinensi - initium latens est. Paulo ante ad VII a.m. cavetur de tempestatibus gravibus. Incertum est adhuc quando concentus incipere potest. News in diario.,2026-07-03 06:49:16+00:00
f63629317b66997c0d2fd545afa48ffc,2026-07-01T22:49:53Z,'Unwetterwarnung',www.morgenpost.de,de,0.9,Die Foo Fighters rocken im Olympiastadion das Gewitter weg,Die Show von Dave Grohl und seiner Band stand zwischendurch wegen einer Unwetterwarnung auf der Kippe. Dann wurde es ein heißer Abend.,https://www.morgenpost.de/kultur/article412447497/die-foo-fighters-rocken-im-olympiastadion-das-gewitter-weg.html,https://img.sparknews.funkemedien.de/412447358/412447358_1782945494_v16_9_1600.jpeg,,"Eine dichte rote Nebelwand versperrt im Berliner Olympiastadion die Sicht auf die Bühne. Es sind am Mittwochabend aber keine Hertha-Hools, die gezündelt haben. Die großzügig gezündete Pyrotechnik mar… [+3359 chars]",,Die Foo Fighters rocken im Olympiastadion das Gewitter weg. Die Show von Dave Grohl und seiner Band stand zwischendurch wegen einer Unwetterwarnung auf der Kippe. Dann wurde es ein heißer Abend.,The Foo Fighters rock the storm in the Olympic Stadium. Dave Grohl and his band's show was temporarily canceled due to a severe weather warning. Then it became a hot evening.,Foo Pugnatores tempestas in Stadio Olympico lapis. Dave Grohl et spectaculum cohortis eius ad tempus remissum est propter magnam tempestatem admonitionem. Tunc incalescit vespera.,2026-07-03 06:49:16+00:00
ec00b4481862192282da04d1adf9ea8a,2026-07-01T05:41:39Z,'Kanalisation Regen',www.zeit.de,de,0.9,Unwetter-Folgen: Starkregen überflutet Straßen – Zugverkehr lahmgelegt,Hier finden Sie Informationen zu dem Thema „Unwetter-Folgen“. Lesen Sie jetzt „Starkregen überflutet Straßen – Zugverkehr lahmgelegt“.,https://www.zeit.de/news/2026-07/01/starkregen-ueberflutet-strassen-zugverkehr-lahmgelegt,https://img.zeit.de/news/2026-07/01/starkregen-ueberflutet-strassen-zugverkehr-lahmgelegt-image-group/wide__1300x731,,"Teils heftige Gewitter und Starkregen haben den Einsatzkräften in mehreren Regionen Bayerns eine geschäftige Nacht beschert. Vor allem in Oberfranken, Unterfranken und Oberbayern seien einige Bäume u… [+1176 chars]",,Unwetter-Folgen: Starkregen überflutet Straßen – Zugverkehr lahmgelegt. Hier finden Sie Informationen zu dem Thema „Unwetter-Folgen“. Lesen Sie jetzt „Starkregen überflutet Straßen – Zugverkehr lahmgelegt“.,Storm consequences: Heavy rain floods streets - train traffic paralyzed. Here you will find information on the topic of “Severe Weather Consequences”. Now read “Heavy rain floods streets – train traffic paralyzed”.,"Tempestas consectaria: Gravis inundationes platearum pluviarum - tramen negotiationis paralytici. Hic informationes invenies in argumento ""Seves Tempestatis euentuum"". Nunc lege ""Graves pluviae inundationes platearum - comitatu negotiationis paralytici"".",2026-07-03 16:08:54+00:00
d6acf154d49e425f9c1873c76b809143,2026-07-01T06:12:49Z,'Kanalisation Regen',www.sueddeutsche.de,de,0.9,Wetter in Bayern: Nach erneuten Überschwemmungen: Es bleibt gewittrig,Unwetter mit Starkregen lassen wieder Unterführungen und Keller volllaufen. Besonders im Fränkischen haben die Einsatzkräfte gut zu tun. Und vorläufig bleibt es auch so ungemütlich.,https://www.sueddeutsche.de/bayern/unwetter-bayern-vorhersage-gewitter-regen-li.3508439,https://www.sueddeutsche.de/2026/06/30/96f0057a-9e90-4904-af72-ab08d9a25a8e.jpg?q=60&fm=webp&width=1200&rect=0%2C0%2C3840%2C2160,http://web.archive.org/web/20260701075629/https://www.sueddeutsche.de/bayern/unwetter-bayern-vorhersage-gewitter-regen-li.3508439,"Heute gibt es dem DWD zufolge zunächst in Schwaben, im weiteren Tagesverlauf von West nach Ost verbreitet kräftige Regenfälle und Gewitter mit Sturmböen. Schwerpunktmäßig im Süden könne es dabei Star… [+1839 chars]",,Wetter in Bayern: Nach erneuten Überschwemmungen: Es bleibt gewittrig. Unwetter mit Starkregen lassen wieder Unterführungen und Keller volllaufen. Besonders im Fränkischen haben die Einsatzkräfte gut zu tun. Und vorläufig bleibt es auch so ungemütlich.,"Weather in Bavaria: After renewed flooding: It remains thundery. Storms with heavy rain are causing underpasses and basements to fill up again. The emergency services have a lot to do, especially in Franconia. And for now it remains uncomfortable.","Tempestas in Bavaria: Post renovatum inundationem: Restat tonitruum. Tempestates cum pluvia magna underpasses et bases iterum implent. Multa officia exigentiae habent, praesertim in Franconia. Et nunc incommoditas manet.",2026-07-03 16:08:54+00:00
1db07a19e8f39d588dc81c96440c99da,2026-07-01T00:44:27Z,'Starkregen',www.bild.de,de,0.9,Gewitter und Starkregen - Anpfiff von WM-Spiel verschoben!,WM 2026: Verzögerung in der Runde der letzten 32! Der Anpfiff des Spiels Mexiko gegen Ecuador wurde verschoben.,https://www.bild.de/sport/fussball/unwetter-am-stadion-anpfiff-des-spiels-mexiko-ecuador-verschoben-6a445f17c04ea97a4e5034a0,"https://images.bild.de/6a445f17c04ea97a4e5034a0/244ff41ef3f6de7d2b4297abf25d3ad6,f7f8c55e?w=1280",http://web.archive.org/web/20260702064032/https://www.bild.de/sport/fussball/unwetter-am-stadion-anpfiff-des-spiels-mexiko-ecuador-verschoben-6a445f17c04ea97a4e5034a0,"+++Gewitter und heftiger Regen! Mexiko-Spiel wird später angepfiffen
+++Gewitter und heftiger Regen! Mexiko-Spiel wird später angepfiffen
+++Gewitter und heftiger Regen! Mexiko-Spiel wird später an… [+498 chars]",,Gewitter und Starkregen - Anpfiff von WM-Spiel verschoben!. WM 2026: Verzögerung in der Runde der letzten 32! Der Anpfiff des Spiels Mexiko gegen Ecuador wurde verschoben.,Thunderstorms and heavy rain - kick-off of World Cup game postponed! World Cup 2026: Delay in the round of 32! The kick-off of the Mexico-Ecuador game has been postponed.,Tonitruum et pluviae graves - calcitrant-off of World Cup game differed! Trophaeum Mundi 2026: in circuitu 32: mora! Calciarium ludum Ecuador Mexici differtur.,2026-07-03 21:42:10+00:00
42e370d1c470b3124e8b20e880e4d8dc,2026-07-01T01:49:46Z,'Starkregen',www.bild.de,de,0.9,Unwetter-Chaos - WM-Spiel kann nicht pünktlich beginnen!,Heftiges Gewitter und Starkregen sorgen bei der WM 2026 für eine Spielverzögerung. Der Anpfiff zwischen Mexiko und Ecuador muss kurzfristig um eine Stunde verschoben werden.,https://www.bild.de/sport/fussball/wm-2026-unwetter-chaos-anpfiff-von-wm-spiel-verschoben-6a446843c04ea97a4e5034de,"https://images.bild.de/6a446843c04ea97a4e5034de/0c5b4927cb234c9bc6de4bbac5ea3430,9de04f94?w=1280",,"TTS-Player überspringenArtikel weiterlesenDas Wetter sorgt bei der 
WM 2026 erneut für Probleme! Das Sechzehntelfinale zwischen Mexiko und Ecuador im Azteken-Stadion in Mexiko-Stadt kann nicht wie g… [+1378 chars]",,Unwetter-Chaos - WM-Spiel kann nicht pünktlich beginnen!. Heftiges Gewitter und Starkregen sorgen bei der WM 2026 für eine Spielverzögerung. Der Anpfiff zwischen Mexiko und Ecuador muss kurzfristig um eine Stunde verschoben werden.,Storm chaos - World Cup game cannot start on time! Heavy thunderstorms and heavy rain are causing a delay in the game at the 2026 World Cup. The kick-off between Mexico and Ecuador has to be postponed by one hour at short notice.,Tempestas chaos - World Cup ludum non potest incipere in tempore! Tempestates graves et pluviae graves moras causant in ludo 2026 World Cup. Calciamentum inter Mexicum et Aequatorem una hora celeriter prorogandum est.,2026-07-05 06:56:16+00:00
c977418f9fbab3a6d74f176a09913cba,2026-07-01T04:30:41Z,'Starkregen',www.tagesspiegel.de,de,0.9,Wetterausblick: Wo am Mittwoch neue Gewitter drohen,"Erneut drohen Gewitter in der Bundesrepublik – mit Starkregen, Hagel und Sturmböen. Das erwartet der Deutsche Wetterdienst.",https://www.tagesspiegel.de/gesellschaft/panorama/wetterausblick-wo-am-mittwoch-neue-gewitter-drohen-15779621.html,https://www.tagesspiegel.de/images/15779620/alternates/BASE_16_9_W1400/1782880241000/gewitter-uber-brandenburg.jpeg,,"Wer am Mittwoch unterwegs ist, sollte den Himmel im Blick behalten: Nach Vorhersage des Deutschen Wetterdienstes (DWD) könnten erneut Gewitter über Teile Deutschlands ziehen. Erwartbar sind sie bis z… [+734 chars]",,"Wetterausblick: Wo am Mittwoch neue Gewitter drohen. Erneut drohen Gewitter in der Bundesrepublik – mit Starkregen, Hagel und Sturmböen. Das erwartet der Deutsche Wetterdienst.","Weather outlook: Where new thunderstorms are threatening on Wednesday. Thunderstorms are threatening again in the Federal Republic - with heavy rain, hail and squalls. This is what the German Weather Service expects.","Tempestas prospectans: Ubi novi tonitrui die Mercurii minantur. Tempestates iterum minantur in Republica Foederata - cum pluvia, grandine et procellis. Hoc est quod Expectat Service Tempestas Germanica.",2026-07-05 06:56:16+00:00
19f97935f92f08174cad1bdfce51a1de,2026-07-01T10:48:37Z,'Starkregen',www.zeit.de,de,0.9,Starkregen: Auto bleibt in überfluteter Unterführung stecken,Hier finden Sie Informationen zu dem Thema „Starkregen“. Lesen Sie jetzt „Auto bleibt in überfluteter Unterführung stecken“.,https://www.zeit.de/news/2026-07/01/auto-bleibt-in-ueberfluteter-unterfuehrung-stecken,https://img.zeit.de/news/2026-07/01/auto-bleibt-in-ueberfluteter-unterfuehrung-stecken-image-group/wide__1300x731,,Ein Autofahrer ist von der Feuerwehr aus einer überfluteten Unterführung befreit worden. Durch den Starkregen habe sich das Wasser unter der Bundesstraße 27 in Lottstetten (Kreis Waldshut) rund einen… [+185 chars],,Starkregen: Auto bleibt in überfluteter Unterführung stecken. Hier finden Sie Informationen zu dem Thema „Starkregen“. Lesen Sie jetzt „Auto bleibt in überfluteter Unterführung stecken“.,Heavy rain: Car gets stuck in flooded underpass. Here you will find information on the topic of “heavy rain”. Read “Car gets stuck in flooded underpass” now.,"Imbribus gravis: Car haesit in inundatione underpass. Hic informationes invenies in argumento ""pluviae gravis"". Legere ""Car adhæsit in inundata underpass"" nunc.",2026-07-05 15:50:15+00:00
4ffb39c03446414edff9aa4eff0f622c,2026-07-03T23:42:22Z,'Unwetterwarnung',www.n-tv.de,de,0.9,Erneute Kehrtwende: England-Kracher wird trotz Unwetterwarnung nicht verlegt,Die nie bestätigten Pläne einer Verlegung der WM-Partie zwischen Mexiko und England sorgen für heftigen Ärger. Der Trainer des Co-Gastgebers zeigt sich entsetzt. Doch jetzt soll plötzlich alles beim Alten bleiben.,https://www.n-tv.de/sport/fussball-wm/England-Kracher-wird-trotz-Unwetterwarnung-nicht-verlegt-id31046846.html,https://www.n-tv.de/img/31046845/1783129023/Img_16_9/1200/July-1-2026-Atlanta-Georgia-USA-England-forward-Harry-Kane-9-argues-a-call-against-DR-Congo-during-their-World-Cup-Round-of-32-match-at-Atlanta-Stadium-in-Atlanta-Georgia-England-wins-the-game-2-1-in-regulation-play.jpg,http://web.archive.org/web/20260704021832/https://www.n-tv.de/sport/fussball-wm/England-Kracher-wird-trotz-Unwetterwarnung-nicht-verlegt-id31046846.html,Die nie bestätigten Pläne einer Verlegung der WM-Partie zwischen Mexiko und England sorgen für heftigen Ärger. Der Trainer des Co-Gastgebers zeigt sich entsetzt. Doch jetzt soll plötzlich alles beim … [+2373 chars],,Erneute Kehrtwende: England-Kracher wird trotz Unwetterwarnung nicht verlegt. Die nie bestätigten Pläne einer Verlegung der WM-Partie zwischen Mexiko und England sorgen für heftigen Ärger. Der Trainer des Co-Gastgebers zeigt sich entsetzt. Doch jetzt soll plötzlich alles beim Alten bleiben.,Another U-turn: England cracker will not be moved despite severe weather warnings. The never confirmed plans to postpone the World Cup game between Mexico and England are causing a lot of anger. The co-host's trainer is horrified. But now suddenly everything should stay the same.,Another U-turn: Angliae fragor non obstante gravibus tempestatibus monitis movebitur. Consilia numquam confirmata sunt ut ludum Mundi inter Mexico et Angliam differre multum irae causant. Exhorret exercitator cooperatoris. Sed nunc subito omnia eadem maneant.,2026-07-05 21:36:48+00:00
dca9d948bcd22a8be67622b092dca878,2026-07-01T16:43:14Z,'Regenmengen',burgenland.orf.at,de,0.9,Vereinzelt Sturm- und Unwetter-Einsätze,Der Wetterumschwung hat am Mittwoch auch teils heftige Gewitter – mit Starkregen und Hagel – gebracht. In Neudorf bei Landsee (Bezirk Oberpullendorf) sind mit 71 Litern pro Quadratmeter am Mittwoch die meisten Regenmengen gefallen.,https://burgenland.orf.at/stories/3360881/,https://ibs.orf.at/bgl?image=https%3A%2F%2Foekastatic.orf.at%2Fmims%2F2026%2F27%2F07%2Fcrops%2Fw%3D1200%2Ch%3D627%2Cq%3D75%2F3096748_master_1199307_landsee.jpg%3Fs%3D2ccce21012930aa274fe559be133a9eda4e4813e,http://web.archive.org/web/20260702011508/https://burgenland.orf.at/stories/3360881/,"Vor allem die Bezirke Oberwart und Oberpullendorf waren Mittwochnachmittag die Hotspots und dabei vor allem die Gemeinde Neudorf bei Landsee, wo innerhalb kürzester Zeit enorme Regenmengen vom Himmel… [+446 chars]",,Vereinzelt Sturm- und Unwetter-Einsätze. Der Wetterumschwung hat am Mittwoch auch teils heftige Gewitter – mit Starkregen und Hagel – gebracht. In Neudorf bei Landsee (Bezirk Oberpullendorf) sind mit 71 Litern pro Quadratmeter am Mittwoch die meisten Regenmengen gefallen.,"Occasional storm and severe weather operations. The change in the weather on Wednesday also brought severe thunderstorms - with heavy rain and hail. In Neudorf near Landsee (Oberpullendorf district), the most rainfall fell on Wednesday with 71 liters per square meter.",Tempestas interdum gravibusque tempestatibus competit. Haec mutatio tempestatis die Mercurii etiam graves tonitrua intulit cum pluvia et grandine. In Neudorf prope Landsee ( territorium Oberpullendorf ) pluviae maximae die Mercurii cum 71 quadratis metri litris ceciderunt.,2026-07-08 06:14:38+00:00
bdeb893205adab27809963bd42cb5980,2026-07-02T04:00:09Z,'Starkregen',www.bild.de,de,0.9,Nach Hitze und Gewitter kommt Trockenheit - Dem Rhein droht ein Schiffs-Stau!,"Erst die Hitzewelle, dann heftige Gewitter mit Starkregen und Hagel – jetzt droht Deutschland die nächste Stufe im Sommer 2026: Der Rhein trocknet aus.",https://www.bild.de/news/wetter/trockenes-wetter-dem-rhein-droht-ein-schiffsstau-6a44df16650749238cdc656f,"https://images.bild.de/6a44df16650749238cdc656f/6589b6b8f6c83e14fd0e0e7be4d3a31e,f4c0ac31?w=1280",http://web.archive.org/web/20260703032843/https://www.bild.de/news/wetter/trockenes-wetter-dem-rhein-droht-ein-schiffsstau-6a44df16650749238cdc656f,"TTS-Player überspringenArtikel weiterlesenErst die Hitzewelle, dann heftige Gewitter mit Starkregen und Hagel jetzt droht Deutschland die nächste Stufe im Sommer 2026: Der Rhein trocknet aus. Der Was… [+2661 chars]",,"Nach Hitze und Gewitter kommt Trockenheit - Dem Rhein droht ein Schiffs-Stau!. Erst die Hitzewelle, dann heftige Gewitter mit Starkregen und Hagel – jetzt droht Deutschland die nächste Stufe im Sommer 2026: Der Rhein trocknet aus.","After heat and thunderstorms comes drought - the Rhine is threatened with a ship jam! First the heat wave, then violent thunderstorms with heavy rain and hail - now Germany is threatened with the next stage in the summer of 2026: the Rhine dries up.","Post aestus et tonitrua siccitas venit - Navis jam Rhenus imminet! Primo aestus fluctuum, deinde imbrium et grandinum vehemens tonitribus - nunc Germania imminet, proxima aestatis 2026 scaena: Rhenus arescit.",2026-07-08 06:14:38+00:00
30551084fef3289d84418a0d8bf63c9b,2026-07-03T13:25:24Z,'Starkregen',www.tagesspiegel.de,de,0.9,"Mehr Dürre, Starkregen und Hitzewellen: Wetterbehörde erwartet dieses Jahr besonders starken El Niño","Das Klimaphänomen El Niño soll diesmal sehr intensiv ausfallen. Die Weltwetterbehörde mahnt mehr Vorbereitung an. Preise für Kakao, Kaffee und Zucker könnten weiter steigen.",https://www.tagesspiegel.de/wissen/mehr-durre-starkregen-und-hitzewellen-wetterbehorde-erwartet-dieses-jahr-besonders-starken-el-nino-15794543.html,https://www.tagesspiegel.de/images/15794594/alternates/BASE_16_9_W1400/1783084788000/wetterphanomen-el-nino.jpeg,http://web.archive.org/web/20260704050322/https://www.tagesspiegel.de/wissen/mehr-durre-starkregen-und-hitzewellen-wetterbehorde-erwartet-dieses-jahr-besonders-starken-el-nino-15794543.html,Die Welt muss sich aus Sicht der Weltwetterorganisation WMO wegen der erwarteten intensiven El-Niño-Phase verstärkt auf Extremwetter-Ereignisse vorbereiten. Wahrscheinlich werde es einen El Niño der … [+1944 chars],,"Mehr Dürre, Starkregen und Hitzewellen: Wetterbehörde erwartet dieses Jahr besonders starken El Niño. Das Klimaphänomen El Niño soll diesmal sehr intensiv ausfallen. Die Weltwetterbehörde mahnt mehr Vorbereitung an. Preise für Kakao, Kaffee und Zucker könnten weiter steigen.","More drought, heavy rain and heat waves: Weather authorities expect a particularly strong El Niño this year. The climate phenomenon El Niño is expected to be very intense this time. The World Weather Authority is calling for more preparation. Prices for cocoa, coffee and sugar could continue to rise.","Plures siccitatis, pluviae et aestus fluctuum sunt: ​​Tempestas authores El Niño hoc anno maxime fortes exspectant. phaenomenon climatis El Niño valde intensum hoc tempore exspectatur. Auctoritas Mundi Tempestatis in praeparatione vocat. Pretia pro Cocos, capulus et saccharum resurgere potuerunt.",2026-07-08 06:14:38+00:00
64c1a71dd6a51660b509dd84ec8165fc,2026-07-04T17:14:26Z,'Starkregen',www.bild.de,de,0.9,Flut-Chaos in Istanbul - Starkregen legt die Stadt lahm,"Straßen stehen unter Wasser, Fahrzeuge stecken fest: Starkregen trifft mehrere Stadtteile von Istanbul.",https://www.bild.de/news/ausland/regen-schock-am-bosporus-istanbul-kaempft-mit-wassermassen-6a493b280b14ed961bb51ff9,"https://images.bild.de/6a493b280b14ed961bb51ff9/9e488b8217519a6e8d7ee4b981323191,b1e4dc12?w=1280",http://web.archive.org/web/20260704193835/https://www.bild.de/news/ausland/regen-schock-am-bosporus-istanbul-kaempft-mit-wassermassen-6a493b280b14ed961bb51ff9,"Mehr zum Video anzeigen 
Straßen stehen unter Wasser, Fahrzeuge stecken fest: Starkregen trifft mehrere Stadtteile von Istanbul.
Quelle: x.com04.07.2026 - 19:14 Uhr",,"Flut-Chaos in Istanbul - Starkregen legt die Stadt lahm. Straßen stehen unter Wasser, Fahrzeuge stecken fest: Starkregen trifft mehrere Stadtteile von Istanbul.","Flood chaos in Istanbul - heavy rain paralyzes the city. Streets are flooded, vehicles are stuck: heavy rain hits several districts of Istanbul.","Diluvium chaos in Istanbul — imber gravis urbem torpescit. Plateae inundantur, vehicula haeserunt: pluviae pluviae complures regiones Istanbul percusserunt.",2026-07-08 06:14:38+00:00
26c732999850ec503214676ddd63acd9,2026-07-06T13:51:59Z,'Starkregen',orf.at,de,0.9,Dammbruch nach Starkregen in Südchina,,https://orf.at/stories/3435436/,https://orf.at/mojo/1_4_1/storyserver//news/common/images/og-fallback-news.png,http://web.archive.org/web/20260707053753/https://orf.at/stories/3435436/,Nach einem Dammbruch an einem Stausee in Südchina gilt für das betroffene Gebiet die höchste Hochwasserwarnstufe. Der Bruch ereignete sich heute am Liulan-Stausee in Hengzhou in der südchinesischen R… [+1019 chars],,Dammbruch nach Starkregen in Südchina. None,Dam burst after heavy rain in southern China. None,Dam post pluviam in Sinis australibus erupit. Nullus,2026-07-08 06:14:38+00:00
e488ed348c1970ae8a240f0a15759493,2026-07-05T05:20:00Z,'Unwetterwarnung',www.focus.de,de,0.9,Gewitter-Chaos vor Trump-Rede: Tausende Besucher evakuiert,"Die Feier zum 250. Jahrestag der Unabhängigkeit zog sich wegen einer Unwetterwarnung bis tief in die Nacht. Der Veranstaltungsort, an dem Donald Trump seine Rede halten wollte, musste evakuiert werden.",https://www.focus.de/politik/ausland/gewitter-chaos-vor-trump-rede-tausende-besucher-evakuiert_029f48c9-ee78-410c-9581-1ddba74c8e45.html,"https://quadro.burda-forward.de/ctf/e2ada22b-175c-4fc4-8bee-b1028aa779c1.b6d4af19-339b-4ae8-a5a0-8eceb4b3f059.jpeg?im=RegionOfInterestCrop=(1200,630),regionOfInterest=(868,691)&hash=a8fe83aef0e8a29339145f3a5841b2efbb0066ed43af35c53479ed1082478477",http://web.archive.org/web/20260705160826/https://www.focus.de/politik/ausland/gewitter-chaos-vor-trump-rede-tausende-besucher-evakuiert_029f48c9-ee78-410c-9581-1ddba74c8e45.html,Das Wetter beeinträchtigte die Feierlaune - nicht nur in Washington. Seit Tagen ächzt die US-Hauptstadt unter Temperaturen von fast 40 Grad. Auf die Hitze folgte am Abend dann der Donner: Wegen einer… [+2482 chars],,"Gewitter-Chaos vor Trump-Rede: Tausende Besucher evakuiert. Die Feier zum 250. Jahrestag der Unabhängigkeit zog sich wegen einer Unwetterwarnung bis tief in die Nacht. Der Veranstaltungsort, an dem Donald Trump seine Rede halten wollte, musste evakuiert werden.",Thunderstorm chaos before Trump speech: thousands of visitors evacuated. The celebration of the 250th anniversary of independence dragged on until late into the night due to a severe weather warning. The venue where Donald Trump planned to give his speech had to be evacuated.,Tonitruum chaos ante BUCINUM loquela: milia salutantium evacuentur. Celebratio 250th anniversarii independentiae in seram usque in noctem pertractatur ob gravem tempestatem admonitionem. De visneto ubi Donald Trump cogitavit orationem suam decedi.,2026-07-09 17:03:34+00:00
f5dc2ac6dad322530ff8f82cef2f2e76,2026-07-01T05:38:03Z,'Unwetter Regen',www.tagesspiegel.de,de,0.8,Nach Hitze kommt Regen: Immer wieder Unwetter in Berlin und Brandenburg,"Stürmische Böen, Hagel und schwankende Temperaturen: Das Wetter in Berlin und Brandenburg bleibt launisch.",https://www.tagesspiegel.de/berlin/nach-hitze-kommt-regen-immer-wieder-unwetter-in-berlin-und-brandenburg-15779690.html,https://www.tagesspiegel.de/images/15779689/alternates/BASE_16_9_W1400/1782884283000/wetter-in-berlin.jpeg,http://web.archive.org/web/20260702072744/https://www.tagesspiegel.de/berlin/nach-hitze-kommt-regen-immer-wieder-unwetter-in-berlin-und-brandenburg-15779690.html,"Die kommenden Tage werden eine Mischung aus Regen, Sonne und Gewittern in Berlin und Brandenburg. Heute wird es turbulent, wie der Deutsche Wetterdienst (DWD) mitteilte. Demnach sei im Tagesverlauf m… [+989 chars]",,"Nach Hitze kommt Regen: Immer wieder Unwetter in Berlin und Brandenburg. Stürmische Böen, Hagel und schwankende Temperaturen: Das Wetter in Berlin und Brandenburg bleibt launisch.","After heat comes rain: repeated storms in Berlin and Brandenburg. Stormy gusts, hail and fluctuating temperatures: the weather in Berlin and Brandenburg remains moody.","Post calorem venit pluvia: crebrae tempestates Berolini et Brandenburgici. Tempestates procellae, grandines et temperaturae fluctuantes: tempestas Berolini et Brandenburgici tristis manet.",2026-07-12 10:09:43+00:00
cbdb3ac25ec740c3d174ef7de7b43520,2026-07-11T18:45:42Z,'Unwetter Regen',www.faz.net,de,0.8,Unwetter in den USA: In Missouri müssen hunderte Menschen nach Sturzfluten gerettet werden,Sintflutartige Regenfälle haben im US-Bundesstatt Missouri für heftige Überflutungen gesorgt. Einsatzkräfte retten Kinder aus einem Sommercamp. Es drohen weitere Unwetter.,https://www.faz.net/aktuell/gesellschaft/ungluecke/usa-hunderte-menschen-nach-sturzfluten-in-missouri-gerettet-201021050.html,https://media0.faz.net/image/w1200h627/7abba57f0a41/w2439h1274x0y176o/202607/43601.0.2325353039/die-amerikanische-stadt.webp,http://web.archive.org/web/20260711195225/https://www.faz.net/aktuell/gesellschaft/ungluecke/usa-hunderte-menschen-nach-sturzfluten-in-missouri-gerettet-201021050.html,"Nach heftigen Regenfällen und Sturzfluten im US-Bundesstaat Missouri haben Einsatzkräfte Hunderte Menschen aus den Fluten gerettet. Besonders betroffen war der Südosten des Bundesstaats, wo US-Medien… [+1341 chars]",,Unwetter in den USA: In Missouri müssen hunderte Menschen nach Sturzfluten gerettet werden. Sintflutartige Regenfälle haben im US-Bundesstatt Missouri für heftige Überflutungen gesorgt. Einsatzkräfte retten Kinder aus einem Sommercamp. Es drohen weitere Unwetter.,Storms in the USA: Hundreds of people have to be rescued after flash floods in Missouri. Torrential rains have caused severe flooding in the US state of Missouri. Emergency services rescue children from a summer camp. There is a threat of further storms.,Procellae in USA: Centum hominum post diluvia in Missouri mico liberanda sunt. Imbres torrentes graves inundationes in Civitate Missouri in US fecerunt. Subitis officia liberis ex castris aestivis eripiunt. Est comminatio tempestatum longius.,2026-07-15 10:24:37+00:00
222a869d48bf0454d56ab1ead5437c1e,2026-07-14T10:00:41Z,'Regenmengen',www.bild.de,de,0.8,Gewitter und Unwetter - Wer zahlt bei Hagelschaden?,"Wetter-Chaos in Deutschland! Stürme, Regen und Gewitter richten innerhalb von Minuten große Zerstörungen an. Doch wer zahlt bei Schäden an Haus und Auto?",https://www.bild.de/leben-wissen/mein-recht-verbraucherportal/ueberschwemmung-was-die-versicherung-zahlt-und-was-nicht-6a55f3f104bf7e616bda7ee5,"https://images.bild.de/6a55f3f104bf7e616bda7ee5/94d867f8a4d4f3d4d49c02718025fe5a,3e1fd918?w=1280",,"TTS-Player überspringenArtikel weiterlesenErst trafen Starkregen, Hagel und Sturm am Montagabend Teile des Westens und Nordens. In der Nacht liefen Keller voll, Straßen standen unter Wasser, Autos un… [+3454 chars]",,"Gewitter und Unwetter - Wer zahlt bei Hagelschaden?. Wetter-Chaos in Deutschland! Stürme, Regen und Gewitter richten innerhalb von Minuten große Zerstörungen an. Doch wer zahlt bei Schäden an Haus und Auto?","Thunderstorms and storms - who pays for hail damage? Weather chaos in Germany! Storms, rain and thunderstorms cause great destruction within minutes. But who pays for damage to your house and car?","Procellae et procellae - Quis damnum luit grandinis? Tempestas chaos in Germania! Tempestates, pluviae et tonitrua magnam perniciem intus minutis faciunt. Sed quis domus ac currus damnum pensat?",2026-07-15 10:24:37+00:00
222ad9c88d1ad37a96ea216a7f385dc5,2026-07-15T09:09:00Z,'Hochwasser Starkregen',www.dw.com,de,0.9,Mehr Wassermangel: Wie wir Grundwasser schützen können,"Durch immer mehr Wetterextreme fehlt in Dürrezeiten Wasser, bei Starkregen gibt es zu viel. Wie gezieltes Speichern von Grundwasser hilft, Fluten einzudämmen und für Trockenzeiten vorzusorgen .",https://www.dw.com/de/mehr-wassermangel-wie-wir-grundwasser-sch%C3%BCtzen-k%C3%B6nnen/a-77345805,https://static.dw.com/image/77346216_6.jpg,,"Viele Böden in Deutschland sind schon jetzt viel zu trocken. Regen fehlte schon im Frühjahr, besonders im März. Auch der teils überdurchschnittliche Niederschlag in einigen Regionen im April und Mai … [+8140 chars]",,"Mehr Wassermangel: Wie wir Grundwasser schützen können. Durch immer mehr Wetterextreme fehlt in Dürrezeiten Wasser, bei Starkregen gibt es zu viel. Wie gezieltes Speichern von Grundwasser hilft, Fluten einzudämmen und für Trockenzeiten vorzusorgen .","More water shortage: How we can protect groundwater. Due to more and more extreme weather events, there is a lack of water in times of drought and there is too much in times of heavy rain. How targeted storage of groundwater helps to contain floods and prepare for dry periods.",Plus aquae penuria est: Quam groundwater tueri possumus. Ob nimiam tempestatem magis magisque eventibus aquae in tempore siccitatis defectus est et in tempore pluviae gravis nimis. Quomodo ceptaculum aquae fundamenti iaculis adiuvat ad diluvia continenda et ad tempus siccum praeparandum.,2026-07-16 16:00:29+00:00
e1a2696279e1f31c0183c94417a1b844,2026-07-14T10:00:00Z,'Starkregen',www.telepolis.de,de,0.9,Schwere Unwetter treffen Norddeutschland – Süden in Alarmbereitschaft,"Hagel, Sturm und Starkregen haben in Norddeutschland massive Schäden angerichtet. Der Deutsche Wetterdienst warnt indes vor der nächsten Wettergefahr im Süden.",https://www.telepolis.de/article/Schwere-Unwetter-treffen-Norddeutschland-Sueden-in-Alarmbereitschaft-11364223.html,https://heise.cloudimg.io/bound/1200x1200/q85.png-lossy-85.webp-lossy-85.foil1/_www-heise-de_/imgs/18/5/1/1/6/5/6/4/shutterstock_2732146063-aa6a6282ad79e0e2.jpg,http://web.archive.org/web/20260714233643/https://www.telepolis.de/article/Schwere-Unwetter-treffen-Norddeutschland-Sueden-in-Alarmbereitschaft-11364223.html,"Heftige Gewitter haben in der Nacht zum Dienstag für Hagel gesorgt. Im Süden droht ab heute Nachmittag Unwettergefahr.
(Bild: RecCameraStock/Shutterstock.com)
Hagel, Sturm und Starkregen haben in N… [+6446 chars]",,"Schwere Unwetter treffen Norddeutschland – Süden in Alarmbereitschaft. Hagel, Sturm und Starkregen haben in Norddeutschland massive Schäden angerichtet. Der Deutsche Wetterdienst warnt indes vor der nächsten Wettergefahr im Süden.","Severe storms hit northern Germany - the south is on alert. Hail, storms and heavy rain have caused massive damage in northern Germany. The German Weather Service is warning of the next weather threat in the south.","Procellae graves Germaniam septentrionalem feriunt - meridies vigilat. Ave, procellae et pluviae magnae damnum in Germania septentrionali attulerunt. Ministerium Tempestatis Germanorum monet proximae tempestatis in meridie.",2026-07-17 21:24:58+00:00
af6b50d4d8e0c9813bec8fb1b29036fe,2026-07-14T10:58:32Z,'Unwettergefahr',www.faz.net,de,0.9,Hitze-Liveblog: Unwettergefahr bis zum Wochenende – dann wird es kühler,Besonders von der Mitte bis nach Süddeutschland +++ Wetterdienst: Hitze im Juni hat neue Maßstäbe gesetzt +++ Großer Waldbrand nahe Paris +++ alle Entwicklungen im Liveblog,https://www.faz.net/aktuell/gesellschaft/menschen/liveticker-zur-hitzewelle-in-deutschland-unwettergefahr-bis-zum-wochenende-dann-wird-es-kuehler-faz-200949959.html,https://media0.faz.net/image/w1200h627/a7de8847a498/w6000h3135x0y188o/202607/43601.0.2332757289/ein-blitz-schlaegt-am-morgen.webp,http://web.archive.org/web/20260714111557/https://www.faz.net/aktuell/gesellschaft/menschen/liveticker-zur-hitzewelle-in-deutschland-unwettergefahr-bis-zum-wochenende-dann-wird-es-kuehler-faz-200949959.html,"Im Kampf gegen einen Waldbrand im Großbrand Paris sind erstmals zwei Löschflugzeuge vom Typ Canadair entsandt worden.  Sie schöpfen ihr Löschwasser im Niedrigflug aus der Seine, wie auf zahlreichen V… [+433 chars]",,Hitze-Liveblog: Unwettergefahr bis zum Wochenende – dann wird es kühler. Besonders von der Mitte bis nach Süddeutschland +++ Wetterdienst: Hitze im Juni hat neue Maßstäbe gesetzt +++ Großer Waldbrand nahe Paris +++ alle Entwicklungen im Liveblog,Heat live blog: Danger of severe weather until the weekend - then it will get cooler. Especially from the middle to southern Germany +++ Weather service: Heat in June set new standards +++ Large forest fire near Paris +++ all developments in the live blog,Calor blog vive: Periculum tempestatis gravibus usque ad volutpat vestibulum - tunc frigidior erit. Praesertim a medio ad Germaniam meridianam +++ Tempestas religio: Calidum mense Iunio signa nova posuit +++ Magnae silvae incendia prope Parisios +++ omnes progressus in diario vivo,2026-07-17 21:24:58+00:00
2b840862fba450753536c88856118623,2026-07-13T17:43:10Z,'Unwetterwarnung',www.zeit.de,de,0.9,Wetter: DWD gibt Unwetterwarnung für Prignitz heraus,Hier finden Sie Informationen zu dem Thema „Wetter“. Lesen Sie jetzt „DWD gibt Unwetterwarnung für Prignitz heraus“.,https://www.zeit.de/news/2026-07/13/dwd-gibt-unwetterwarnung-fuer-prignitz-heraus,https://img.zeit.de/news/2026-07/13/dwd-gibt-unwetterwarnung-fuer-prignitz-heraus-image-group/wide__1300x731,http://web.archive.org/web/20260713192248/https://www.zeit.de/news/2026-07/13/dwd-gibt-unwetterwarnung-fuer-prignitz-heraus,"Der Deutsche Wetterdienst (DWD) warnt vor Unwettergefahren wegen schwerer Gewitter am Abend im Kreis Prignitz. Die Unwetterwarnung gelte bis voraussichtlich 20.00 Uhr, teilte der DWD am Abend kurzfri… [+291 chars]",,Wetter: DWD gibt Unwetterwarnung für Prignitz heraus. Hier finden Sie Informationen zu dem Thema „Wetter“. Lesen Sie jetzt „DWD gibt Unwetterwarnung für Prignitz heraus“.,Weather: DWD issues severe weather warning for Prignitz. Here you will find information on the topic of “weather”. Read now “DWD issues severe weather warning for Prignitz”.,"Tempestas: DWD gravibus tempestatibus admonitio Prignitz exit. Hic informationes invenies in argumento ""tempestatis"". Lege nunc ""DWD monentem pro Prignitz gravibus tempestatibus"".",2026-07-18 21:28:07+00:00
dc25eedc6460dd9f5f17b195a35f7891,2026-07-13T17:44:09Z,'Unwetterwarnung',www.tagesspiegel.de,de,0.9,Wetter: DWD gibt Unwetterwarnung für Prignitz heraus,"Blitz, Hage, Überflutungen? Der DWD gibt eine amtliche Unwetterwarnung vor schweren Gewittern für den Nordwesten Brandenburgs.",https://www.tagesspiegel.de/berlin/wetter-dwd-gibt-unwetterwarnung-fur-prignitz-heraus-15835077.html,https://www.tagesspiegel.de/images/15835076/alternates/BASE_16_9_W1400/1783964649000/unwetterwarnung-fur-prignitz.jpeg,http://web.archive.org/web/20260714101203/https://www.tagesspiegel.de/berlin/wetter-dwd-gibt-unwetterwarnung-fur-prignitz-heraus-15835077.html,"Der Deutsche Wetterdienst (DWD) warnt vor Unwettergefahren wegen schwerer Gewitter am Abend im Kreis Prignitz. Die Unwetterwarnung gelte bis voraussichtlich 20.00 Uhr, teilte der DWD am Abend kurzfri… [+345 chars]",,"Wetter: DWD gibt Unwetterwarnung für Prignitz heraus. Blitz, Hage, Überflutungen? Der DWD gibt eine amtliche Unwetterwarnung vor schweren Gewittern für den Nordwesten Brandenburgs.","Weather: DWD issues severe weather warning for Prignitz. Lightning, hail, floods? The DWD issues an official storm warning of severe thunderstorms for the northwest of Brandenburg.","Tempestas: DWD gravibus tempestatibus admonitio Prignitz exit. Fulgura, grando, flumina? DWD denuntiat tempestatem officialem gravium tonitribus propter septentrionem et chorum Brandenburgensem.",2026-07-18 21:28:07+00:00
db746544d38fd3cfd32d7f9d3ff84c0b,2026-07-14T15:21:28Z,'Unwetterwarnung',www.sueddeutsche.de,de,0.9,SZ am Abend: Nachrichten vom 17. Juli 2026,"News aktuell: Dubai plant Ausweichhafen, wohl extremistisches Motiv in Schongau, Unwetterwarnung",https://www.sueddeutsche.de/politik/news-dubai-hormus-schongau-unwetter-li.3516054,https://www.sueddeutsche.de/2026/07/14/6fe1f929-d678-4356-b671-70b6bbd71b19.jpg?q=60&fm=webp&width=1200&rect=0%2C656%2C3000%2C1687,http://web.archive.org/web/20260714170741/https://www.sueddeutsche.de/politik/news-dubai-hormus-schongau-unwetter-li.3516054,Amoklauf in Schongau: Ermittler gehen von extremistischem Motiv aus. Zwei Mädchen werden am Welfen-Gymnasium in Schongau bei der Attacke eines ehemaligen Mitschülers schwer verletzt. Polizisten und L… [+1772 chars],,"SZ am Abend: Nachrichten vom 17. Juli 2026. News aktuell: Dubai plant Ausweichhafen, wohl extremistisches Motiv in Schongau, Unwetterwarnung","SZ in the evening: News from July 17, 2026. Current news: Dubai is planning an alternative port, probably extremist motive in Schongau, severe weather warning","SZ vesperi: Nuntii a die 17 mensis Iulii anno 2026. Current nuntium: Dubai jocus portum agitat, probabiliter motivum extremistarum in Schongau, tempestatem gravem monens.",2026-07-18 21:28:07+00:00
d0b4c0bc9b9a11efe59b239bbe7cc674,2026-07-15T13:27:03Z,'Starkregen',www.zeit.de,de,0.9,Gewitter und Hagel: Hagelsturm und Starkregen - Unwetter im Südwesten,Hier finden Sie Informationen zu dem Thema „Gewitter und Hagel“. Lesen Sie jetzt „Hagelsturm und Starkregen - Unwetter im Südwesten“.,https://www.zeit.de/news/2026-07/15/hagelsturm-und-starkregen-unwetter-im-suedwesten,https://img.zeit.de/news/2026-07/15/hagelsturm-und-starkregen-unwetter-im-suedwesten-image-group/wide__1300x731,http://web.archive.org/web/20260716011812/https://www.zeit.de/news/2026-07/15/hagelsturm-und-starkregen-unwetter-im-suedwesten,"Über Baden-Württemberg ziehen weitere schwere Unwetter, diesmal mit Orkanböen, Hagel und heftigem Starkregen. Der Deutsche Wetterdienst (DWD) gab eine Unwetterwarnung heraus, die für das ganze Land b… [+3668 chars]",,Gewitter und Hagel: Hagelsturm und Starkregen - Unwetter im Südwesten. Hier finden Sie Informationen zu dem Thema „Gewitter und Hagel“. Lesen Sie jetzt „Hagelsturm und Starkregen - Unwetter im Südwesten“.,Thunderstorms and hail: Hailstorms and heavy rain - storms in the southwest. Here you will find information on the topic of “thunderstorms and hail”. Read “Hailstorm and heavy rain - storms in the southwest” now.,"Tonitruum et grando: grandines et pluviae - tempestates in Africo. Hic informationes invenies in argumento ""tonitruum et grandinis"". Lege ""Salvetor et pluvia - procellae in Africo"" nunc.",2026-07-18 21:28:07+00:00
b167d6979b855abf54fff08d760c7f23,2026-07-16T14:18:06Z,'Starkregen',www.zeit.de,de,0.9,Gewitterlage im Südwesten: Wetterdienst warnt vor Unwettern mit Hagel und Starkregen,Hier finden Sie Informationen zu dem Thema „Gewitterlage im Südwesten“. Lesen Sie jetzt „Wetterdienst warnt vor Unwettern mit Hagel und Starkregen“.,https://www.zeit.de/news/2026-07/16/wetterdienst-warnt-vor-unwettern-mit-hagel-und-starkregen,https://img.zeit.de/news/2026-07/16/wetterdienst-warnt-vor-unwettern-mit-hagel-und-starkregen-image-group/wide__1300x731,http://web.archive.org/web/20260716143817/https://www.zeit.de/news/2026-07/16/wetterdienst-warnt-vor-unwettern-mit-hagel-und-starkregen,"Nahezu ganz Baden-Württemberg muss im Tagesverlauf erneut mit heftigen Gewittern, Starkregen und Hagel rechnen. Der Deutsche Wetterdienst (DWD) veröffentlichte eine Unwetterwarnung für alle vier Regi… [+487 chars]",,Gewitterlage im Südwesten: Wetterdienst warnt vor Unwettern mit Hagel und Starkregen. Hier finden Sie Informationen zu dem Thema „Gewitterlage im Südwesten“. Lesen Sie jetzt „Wetterdienst warnt vor Unwettern mit Hagel und Starkregen“.,Thunderstorms in the southwest: Weather service warns of storms with hail and heavy rain. Here you will find information on the topic “Thunderstorm conditions in the southwest”. Now read “Weather service warns of storms with hail and heavy rain”.,"Procellae in Africo: Tempestas admonet tempestates ser- mones cum grandine et pluvia. Hic informationes invenies in themate ""condiciones tonitrui in Africo"". Nunc lege ""Tempestas officium monet procellas cum grandine et pluvia gravi"".",2026-07-18 21:28:07+00:00
41405c141dedc147bb2b8b57a9bc6227,2026-07-17T08:18:34Z,'Starkregen',www.zeit.de,de,0.9,Wetter: Gewitter und Starkregen in MV erwartet,Hier finden Sie Informationen zu dem Thema „Wetter“. Lesen Sie jetzt „Gewitter und Starkregen in MV erwartet“.,https://www.zeit.de/news/2026-07/17/gewitter-und-starkregen-in-mv-erwartet,https://img.zeit.de/news/2026-07/17/gewitter-und-starkregen-in-mv-erwartet-image-group/wide__1300x731,,Schwere Gewitter und heftiger Starkregen sind am Freitag in Mecklenburg-Vorpommern möglich. Eine entsprechende Vorabinformation des Deutschen Wetterdienstes (DWD) für Ostdeutschland gilt auch für MV.… [+925 chars],,Wetter: Gewitter und Starkregen in MV erwartet. Hier finden Sie Informationen zu dem Thema „Wetter“. Lesen Sie jetzt „Gewitter und Starkregen in MV erwartet“.,Weather: Thunderstorms and heavy rain expected in MV. Here you will find information on the topic of “weather”. Now read “Thunderstorms and heavy rain expected in MV”.,"Tempestas: Procellae et pluviae expectatae in MV. Hic informationes invenies in argumento ""tempestatis"". Nunc legitur ""Procellae et pluviae exspectatae in MV"".",2026-07-18 21:28:07+00:00
4a1a12dba7b25f055cf6fd61c0966bde,2026-07-17T12:14:34Z,'Unwetterwarnung',www.zeit.de,de,0.9,Wetterchaos geht weiter: Erneute Unwetterwarnung für den Südwesten: Heftige Gewitter,Hier finden Sie Informationen zu dem Thema „Wetterchaos geht weiter“. Lesen Sie jetzt „Erneute Unwetterwarnung für den Südwesten: Heftige Gewitter“.,https://www.zeit.de/news/2026-07/17/erneute-unwetterwarnung-fuer-den-suedwesten-heftige-gewitter,https://img.zeit.de/news/2026-07/17/erneute-unwetterwarnung-fuer-den-suedwesten-heftige-gewitter-image-group/wide__1300x731,,"Die Unwetter mit heftigen Gewittern, ergiebigem Starkregen und Hagel drehen in Baden-Württemberg eine weitere Runde: Der Deutsche Wetterdienst (DWD) gab eine Unwetterwarnung für alle vier Regierungsb… [+561 chars]",,Wetterchaos geht weiter: Erneute Unwetterwarnung für den Südwesten: Heftige Gewitter. Hier finden Sie Informationen zu dem Thema „Wetterchaos geht weiter“. Lesen Sie jetzt „Erneute Unwetterwarnung für den Südwesten: Heftige Gewitter“.,Weather chaos continues: Another severe weather warning for the southwest: violent thunderstorms. Here you will find information on the topic “Weather chaos continues”. Now read “Another severe weather warning for the southwest: severe thunderstorms”.,"Tempestas chaos prosequitur: Aliam tempestatem gravem praenuntius Africum: Tonitruum vehemens. Hic informationes invenies in argumento ""Tempestas chaos pergit"". Nunc lege ""Alia tempestatem gravem monentem pro Africo: tonitribus gravibus"".",2026-07-18 21:28:07+00:00
b16cdb4afe8b4d7e89d96e1449716b79,2026-07-17T15:42:47Z,'Starkregen',www.zeit.de,de,0.9,Wetterdienst: Unwetterwarnungen für MV - Gewitter und Starkregen,Hier finden Sie Informationen zu dem Thema „Wetterdienst“. Lesen Sie jetzt „Unwetterwarnungen für MV - Gewitter und Starkregen“.,https://www.zeit.de/news/2026-07/17/unwetterwarnungen-fuer-mv-gewitter-und-starkregen,https://img.zeit.de/news/2026-07/17/unwetterwarnungen-fuer-mv-gewitter-und-starkregen-image-group/wide__1300x731,http://web.archive.org/web/20260718024445/https://www.zeit.de/news/2026-07/17/unwetterwarnungen-fuer-mv-gewitter-und-starkregen,Der Deutsche Wetterdienst (DWD) hat amtliche Unwetterwarnungen für mehrere Landkreise in Mecklenburg-Vorpommern herausgegeben. Es bestehe die Gefahr schwerer Gewitter mit starkem Niederschlag und mög… [+667 chars],,Wetterdienst: Unwetterwarnungen für MV - Gewitter und Starkregen. Hier finden Sie Informationen zu dem Thema „Wetterdienst“. Lesen Sie jetzt „Unwetterwarnungen für MV - Gewitter und Starkregen“.,Weather Service: Severe weather warnings for MV - thunderstorms and heavy rain. Here you will find information on the topic of “Weather Service”. Read “Severe weather warnings for MV - thunderstorms and heavy rain” now.,"Weather Service: Gravis tempestas admonitiones pro MV - tonitribus et pluviae gravis. Hic informationes invenies in argumento ""Tempestatis servitii"". Lege ""Saeves tempestates admonitiones pro MV - tonitribus et pluviae graves"" nunc.",2026-07-18 21:28:07+00:00
3cb9f9274c64febbd19705d8c43fd5ba,2026-07-18T04:00:00Z,'Hochwasser Regen',salzburg.orf.at,de,0.8,Fünf Jahre nach Hochwasser: Rascher Schutz gefordert,Vor genau fünf Jahren haben extreme Regenfälle weite Teile Salzburgs überflutet und Schäden im zweistelligen Millionenbereich verursacht. Besonders im Oberpinzgau haben die Unwetter deutliche Spuren hinterlassen. Zum Jahrestag fordern Betroffene dort mehr Tem…,https://salzburg.orf.at/stories/3363097/,https://ibs.orf.at/sbg?image=https%3A%2F%2Foekastatic.orf.at%2Fmims%2F2026%2F29%2F50%2Fcrops%2Fw%3D1200%2Ch%3D627%2Cq%3D75%2F3117097_master_1207650_hochwasser_aktionstag_oberpinzgau_-_25.9.2021_-_langversion_-_oberpinzgau_hoit.00_00_13_01.standbild002-8.jpg%3Fs%3Dfbc67d221c21ab3679fdb66883882be73a770fea,,"Wenn sich Franz Koidl an jenen Tag zurückerinnert, kommen beim Pinzgauer Unternehmer ganz verschiedene Emotionen hoch: Verzweiflung, Dankbarkeit, Wut und Trauer.
Der Frächter im Ruhestand erinnert s… [+4990 chars]",,Fünf Jahre nach Hochwasser: Rascher Schutz gefordert. Vor genau fünf Jahren haben extreme Regenfälle weite Teile Salzburgs überflutet und Schäden im zweistelligen Millionenbereich verursacht. Besonders im Oberpinzgau haben die Unwetter deutliche Spuren hinterlassen. Zum Jahrestag fordern Betroffene dort mehr Tem…,"Five years after flooding: rapid protection required. Exactly five years ago, extreme rainfall flooded large parts of Salzburg and caused damage worth tens of millions of euros. The storms left their mark particularly in Oberpinzgau. On the anniversary, those affected there are demanding more...","Quinque annis post inundationem: celeri praesidio opus est. Abhinc quinque annos exactae pluviae magnae partes Salisburgi inundaverunt et damnum tanti decem milium euronum attulit. Tempestates in Oberpinzgau praecipue signum suum reliquerunt. In anniversario, qui ibi affecti sunt, plus postulant...",2026-07-19 15:33:39+00:00
31387966beff0b9bf61fe4707653ad77,2026-07-17T13:30:00Z,'Starkregen',www.focus.de,de,0.9,Alarmstufe Violet! DWD warnt vor extrem heftigem Starkregen,Nach Hagel und Starkregen fallen die Temperaturen. Der Deutsche Wetterdienst rechnet mit frischen Nächten. Tagsüber werden es in vielen Regionen keine 25 Grad mehr.,https://www.focus.de/panorama/alarmstufe-violet-dwd-warnt-vor-extrem-heftigem-starkregen_7ccdcb8e-0389-49b7-a7a2-2d3eca6cea23.html,"https://quadro.burda-forward.de/ctf/963c7eb2-23b9-4f30-ace7-e7143f529acd.6a01e087-7856-47bf-aeed-4c63c4f544ad.jpeg?im=RegionOfInterestCrop=(1200,630),regionOfInterest=(1226,741)&hash=ca0e97f72c576dee3392d1d352f12e7fef3f4ee1b00396a53e8014f65b35b90c",,Der Deutsche Wetter dienst warnt aktuell in Sachsen-Anahalt vor schwerem Gewitter: Von Südwesten ziehen örtlich Gewitter auf. Dabei gibt es extrem heftigen Starkregen mit Niederschlagsmengen zwischen… [+199 chars],,Alarmstufe Violet! DWD warnt vor extrem heftigem Starkregen. Nach Hagel und Starkregen fallen die Temperaturen. Der Deutsche Wetterdienst rechnet mit frischen Nächten. Tagsüber werden es in vielen Regionen keine 25 Grad mehr.,"Violet Alert! DWD warns of extremely heavy rain. After hail and heavy rain, temperatures drop. The German Weather Service is expecting fresh nights. In many regions it will no longer be 25 degrees during the day.","Hyacinthum erecti! DWD monet pluviae valde gravis. Post grandinem et pluviam, temperaturae guttatim. Tempestas Service Germanorum novas noctes exspectat. In multis regionibus non amplius 25 gradus interdiu erit.",2026-07-19 15:33:39+00:00
dd6abb7e48d1987a99c0b2065d0ef811,2026-07-17T13:39:38Z,'Starkregen',www.welt.de,de,0.9,DWD warnt vor schweren Gewittern am Abend – im „worst case“ mit Überschwemmungen,Vom Südwesten bis zum Osten müssen sich die Bürger auf starke Gewitter einstellen. Der Deutsche Wetterdienst hält auch Hagel und Starkregen für möglich.,https://www.welt.de/vermischtes/article6a5a23f161b8a80211aa9a41/wetter-in-deutschland-dwd-warnt-vor-schweren-gewittern-am-abend-im-worst-case-mit-ueberschwemmungen.html,https://images.welt.de/6a5a23f161b8a80211aa9a41/d2f8c1525467299ac3d5f33b9b49b9e9-master/ci16x9-w1200/dpa-com-260717-936-42754-jpg,,Vom Südwesten bis zum Osten müssen sich die Bürger auf starke Gewitter einstellen. Der Deutsche Wetterdienst hält auch Hagel und Starkregen für möglich.Eine neue Unwetterfront macht sich über Deutsch… [+2360 chars],,DWD warnt vor schweren Gewittern am Abend – im „worst case“ mit Überschwemmungen. Vom Südwesten bis zum Osten müssen sich die Bürger auf starke Gewitter einstellen. Der Deutsche Wetterdienst hält auch Hagel und Starkregen für möglich.,"DWD warns of severe thunderstorms in the evening – in the “worst case” with flooding. From the southwest to the east, citizens have to prepare for strong thunderstorms. The German Weather Service also considers hail and heavy rain to be possible.","DWD gravia tonitribus admonet vespere - in ""pessimo casu"" cum inundatione. Ab occasu brumali ad orientem cives fortes tonitribus parant. Ministerium Tempestatis Germanorum etiam grandinem et imbrem gravem posse fieri putat.",2026-07-19 15:33:39+00:00
48714263badfdb88d9c745cee727c036,2026-07-17T13:55:10Z,'Starkregen',www.welt.de,de,0.9,DWD warnt vor schweren Gewittern am Abend – im „worst case“ mit Überschwemmungen,"Der Deutsche Wetterdienst rechnet im Laufe des Nachmittags und Abends für Teile Ostdeutschlands mit schweren Gewittern und Starkregen. Bis 60 Liter Regen pro Quadratmeter innerhalb sehr kurzer Zeit seien möglich, so Meteorologe Alexander Hildebrand.",https://www.welt.de/videos/video6a5a2094bb3fbf9dba987b44/wetter-dwd-warnt-vor-schweren-gewittern-am-abend-im-worst-case-mit-ueberschwemmungen.html,https://images.welt.de/6a5a2094bb3fbf9dba987b44/daf869748d3f5dc5a1addb9a1de9230e/ci16x9-w1200/dpa-com-260717-936-42754-jpg,,Der Deutsche Wetterdienst rechnet im Laufe des Nachmittags und Abends für Teile Ostdeutschlands mit schweren Gewittern und Starkregen. Bis 60 Liter Regen pro Quadratmeter innerhalb sehr kurzer Zeit s… [+109 chars],,"DWD warnt vor schweren Gewittern am Abend – im „worst case“ mit Überschwemmungen. Der Deutsche Wetterdienst rechnet im Laufe des Nachmittags und Abends für Teile Ostdeutschlands mit schweren Gewittern und Starkregen. Bis 60 Liter Regen pro Quadratmeter innerhalb sehr kurzer Zeit seien möglich, so Meteorologe Alexander Hildebrand.","DWD warns of severe thunderstorms in the evening – in the “worst case” with flooding. The German Weather Service is expecting severe thunderstorms and heavy rain for parts of eastern Germany during the afternoon and evening. According to meteorologist Alexander Hildebrand, up to 60 liters of rain per square meter are possible within a very short period of time.","DWD gravia tonitribus admonet vespere - in ""pessimo casu"" cum inundatione. Ministerium Tempestatis Germanorum graves tonitrua et pluvias graves exspectat in partibus Germaniae orientalis inter meridiem et vesperum. Secundum meteorologum Alexandrum Hildebrandum, usque ad 60 liters pluviae per metrum quadratae intra brevissimum tempus possibilia sunt.",2026-07-19 15:33:39+00:00
2f4be29046695b31ccf5177d2e48aaa6,2026-07-17T18:49:27Z,'Starkregen',www.bild.de,de,0.9,Nach Starkregen in China - Gewaltiger Erdrutsch begräbt Wohnhäuser,"Starkregen löst in Chongqing im Südwesten Chinas einen gewaltigen Erdrutsch aus: Häuser werden verschüttet, Menschen gerettet, Tausende evakuiert.",https://www.bild.de/news/nach-starkregen-in-china-gewaltiger-erdrutsch-begraebt-wohnhaeuser-6a5a684861b8a80211aa9f8f,"https://images.bild.de/6a5a684861b8a80211aa9f8f/c06a6d7d1eb4d869149cbdcd80213be2,9ed25b49?w=1280",http://web.archive.org/web/20260718071319/https://www.bild.de/news/nach-starkregen-in-china-gewaltiger-erdrutsch-begraebt-wohnhaeuser-6a5a684861b8a80211aa9f8f,"Mehr zum Video anzeigen 
Starkregen löst in Chongqing im Südwesten Chinas einen gewaltigen Erdrutsch aus: Häuser werden verschüttet, Menschen gerettet, Tausende evakuiert. 
Quelle: AP, X@chematierr… [+39 chars]",,"Nach Starkregen in China - Gewaltiger Erdrutsch begräbt Wohnhäuser. Starkregen löst in Chongqing im Südwesten Chinas einen gewaltigen Erdrutsch aus: Häuser werden verschüttet, Menschen gerettet, Tausende evakuiert.","After heavy rain in China - massive landslide buries residential buildings. Heavy rain triggers a huge landslide in Chongqing in southwest China: houses are buried, people are rescued, thousands are evacuated.","Post pluvias graves in Sinis - magna ruina aedificia residentiales sepelit. Imbribus triggers ingens LAPSUS in Chongqing in meridiem Sinis: aedes sepeliuntur, homines eripiuntur, milia evacuantur.",2026-07-19 15:33:39+00:00
52213f725545a173a823cea311ec0b74,2026-07-18T03:40:04Z,'Starkregen',www.bild.de,de,0.9,Wo Starkregen und Sturmböen drohen - Gewitter mischen das Wochenende auf,"Die Hitzewelle verabschiedete sich mit Blitz und Donner. Am Samstag drohen in einigen Regionen Gewitter, heftiger Regen und Sturmböen.",https://www.bild.de/news/wetter/gewitter-mischen-das-wochenende-auf-wo-starkregen-und-sturmboeen-drohen-6a59f5ea61b8a80211aa95fb,"https://images.bild.de/6a59f5ea61b8a80211aa95fb/99cc17c63320897a7f27e45840734ecc,836708b2?w=1280",,TTS-Player überspringenArtikel weiterlesenTief Cerry bestimmte bisher das Wetter in Deutschland. Doch jetzt zieht es weiter Richtung Schweden. Die Hitzewelle verabschiedet sich mit Blitz und Donner. … [+2218 chars],,"Wo Starkregen und Sturmböen drohen - Gewitter mischen das Wochenende auf. Die Hitzewelle verabschiedete sich mit Blitz und Donner. Am Samstag drohen in einigen Regionen Gewitter, heftiger Regen und Sturmböen.","Where heavy rain and squalls threaten - thunderstorms will shake up the weekend. The heat wave ended with thunder and lightning. There is a risk of thunderstorms, heavy rain and squalls in some regions on Saturday.","Ubi imbres imbres et procellae minantur - tonitribus volutpat excutiet. Aestus cum tonitru et fulgure cessavit unda. Periculum est tonitruum, pluviae et procellae in nonnullis regionibus die Saturni.",2026-07-19 15:33:39+00:00
ac9cdcc22b5da227cd17cbdc332ba48e,2026-07-18T08:43:16Z,'Unwetterwarnung',www.tagesspiegel.de,de,0.9,Gewitter: Unwetter in Brandenburg ist glimpflich abgegangen,Die Gewitter sind in Brandenburg von Westen nach Osten gezogen. Nach mehreren Unwetterwarnungen kam es nicht so schlimm wie erwartet. Die Feuerwehren ziehen Bilanz.,https://www.tagesspiegel.de/berlin/gewitter-unwetter-in-brandenburg-ist-glimpflich-abgegangen-15852905.html,https://www.tagesspiegel.de/images/15852904/alternates/BASE_16_9_W1400/1784364196000/wetter.jpeg,,Die Gewitter haben in Brandenburg zu mehr als zwei Dutzend Einsätzen der Feuerwehr geführt - das Unwetter hat aber keine schweren Folgen gehabt. Meist kamen die Einsatzkräfte wegen umgestürzter Bäume… [+955 chars],,Gewitter: Unwetter in Brandenburg ist glimpflich abgegangen. Die Gewitter sind in Brandenburg von Westen nach Osten gezogen. Nach mehreren Unwetterwarnungen kam es nicht so schlimm wie erwartet. Die Feuerwehren ziehen Bilanz.,"Thunderstorm: Storms in Brandenburg passed off lightly. The thunderstorms moved from west to east in Brandenburg. After several severe weather warnings, things weren't as bad as expected. The fire departments take stock.","Procellae Brandenburgicae leviter transierunt. Tonitrua Brandenburg ab occidente in orientem in modum commota sunt. Post aliquot tempestates graves admonitiones, res non tam malae quam exspectationes erant. Dicasteriorum ignis stirpe.",2026-07-19 15:33:39+00:00
f55d76b06fbf413271e47322781727b8,2026-07-18T11:20:00Z,'Starkregen',www.focus.de,de,0.9,Firmenchef kämpft mit Tränen: Stickerei in Fürth innerhalb weniger Tage zweimal überflutet,Für eine Textildruckerei und Stickerei im Fürther Stadtteil Braunsbach ist der Starkregen zum Albtraum geworden.,https://www.focus.de/panorama/firmenchef-kaempft-mit-traenen-stickerei-in-fuerth-innerhalb-weniger-tage-zweimal-ueberflutet_53f5d7b0-4832-4985-b2e5-28b01ffb01de.html,"https://quadro.burda-forward.de/ctf/ebd91004-cf1b-492c-82a9-4d27acf7a225.f19b4434-5f1d-49aa-a675-36e9ee2b61b6.png?im=RegionOfInterestCrop=(1200,630),regionOfInterest=(947,406)&hash=e90ce35b94da20f84af63cc85edb8c164ae813c9af18e0b021091ae52c229286",,"Bereits zum zweiten Mal innerhalb weniger Tage drangen am Freitag Wassermassen in den Betrieb ein. Regenwasser von den umliegenden Äckern floss in das Wohn- und Industriegebiet.
Für Inhaber Rainer K… [+1177 chars]",,Firmenchef kämpft mit Tränen: Stickerei in Fürth innerhalb weniger Tage zweimal überflutet. Für eine Textildruckerei und Stickerei im Fürther Stadtteil Braunsbach ist der Starkregen zum Albtraum geworden.,Company boss fights back tears: Embroidery in Fürth flooded twice in just a few days. The heavy rain has become a nightmare for a textile printing and embroidery shop in the Braunsbach district of Fürth.,Turba bulla pugnat lacrimas: Embroidery in Furth inundata bis paucis diebus. Imbribus insomniis gravis facta est pro textili typographico et plumario tabernam in Braunsbach agro Fürth.,2026-07-19 15:33:39+00:00
0047a181c3b51208b2bfb9a69e3aa5fd,2026-07-16T19:15:13Z,'Unwetter Regen',www.faz.net,de,0.8,Heftiges Unwetter: „Superzelle“ im Südwesten richtet vielerorts Schäden an,"Schwere Gewitter, Fünf-Zentimeter-Hagelkörner und heftiger Regen: Über Baden-Württemberg zieht eine „Superzelle“. In Ulm stürzen Bäume um. Auch in der Region um Freiburg kann es starke Unwetter geben.",https://www.faz.net/aktuell/gesellschaft/ungluecke/superzelle-ueber-baden-wuerttemberg-warnung-fuer-freiburg-schaeden-in-ulm-201038396.html,https://media0.faz.net/image/w1200h627/3dc097ff70f9/w6144h3210x0y444o/202607/43601.0.2321625723/ein-blitz-geht-am-28-juni.webp,http://web.archive.org/web/20260717194543/https://www.faz.net/aktuell/gesellschaft/ungluecke/superzelle-ueber-baden-wuerttemberg-warnung-fuer-freiburg-schaeden-in-ulm-201038396.html,"Orkanböen, heftiger Starkregen und große Hagelkörner: Heftige Gewitter sind am Donnerstag über Baden-Württemberg gezogen und haben Schäden verursacht. Die Feuerwehr in Ulm etwa berichtete von herabfa… [+1404 chars]",,"Heftiges Unwetter: „Superzelle“ im Südwesten richtet vielerorts Schäden an. Schwere Gewitter, Fünf-Zentimeter-Hagelkörner und heftiger Regen: Über Baden-Württemberg zieht eine „Superzelle“. In Ulm stürzen Bäume um. Auch in der Region um Freiburg kann es starke Unwetter geben.","Violent storm: “Super cell” in the southwest causes damage in many places. Severe thunderstorms, five-centimeter hailstones and heavy rain: a “super cell” is moving across Baden-Württemberg. Trees are falling in Ulm. There can also be strong storms in the region around Freiburg.","Tempestas violenta: ""Super cellam"" in occasu brumali in multis locis damnum affert. Tempestates graves, grandines quinque-centimetri et pluviae graves: ""super cellam"" trans Baden-Württemberg movetur. Arbores in Ulma cadunt. Etiam in regione circa Friburgum tempestates validae esse possunt.",2026-07-19 21:28:19+00:00
71d52bb668ac949b0d9b6421f911359f,2026-07-14T09:31:17Z,'Unwetter Regen',www.zeit.de,de,0.9,Vorhersage: Wetterdienst: Weiter schwere Gewitter mit Starkregen möglich,Hier finden Sie Informationen zu dem Thema „Vorhersage“. Lesen Sie jetzt „Wetterdienst: Weiter schwere Gewitter mit Starkregen möglich“.,https://www.zeit.de/news/2026-07/14/wetterdienst-weiter-schwere-gewitter-mit-starkregen-moeglich,https://img.zeit.de/news/2026-07/14/wetterdienst-weiter-schwere-gewitter-mit-starkregen-moeglich-image-group/wide__1300x731,http://web.archive.org/web/20260715015147/https://www.zeit.de/news/2026-07/14/wetterdienst-weiter-schwere-gewitter-mit-starkregen-moeglich,"Der Deutsche Wetterdienst (DWD) sieht für Teile Deutschlands weiterhin eine große Gefahr von unwetterartigen Gewittern. «Dabei steht vor allem der Starkregen im Fokus, der lokal und eng begrenzt sehr… [+1202 chars]",,Vorhersage: Wetterdienst: Weiter schwere Gewitter mit Starkregen möglich. Hier finden Sie Informationen zu dem Thema „Vorhersage“. Lesen Sie jetzt „Wetterdienst: Weiter schwere Gewitter mit Starkregen möglich“.,Forecast: Weather Service: Further severe thunderstorms with heavy rain possible. Here you will find information on the topic of “prediction”. Now read “Weather Service: Further severe thunderstorms with heavy rain possible”.,"Weather: Weather Service: Praeterea gravia tonitrua cum pluvia gravi possunt. Hic informationes invenies in argumento ""praedictionis"". Nunc lege ""Tempestas Service: Praeterea gravia tonitrua cum pluvia gravi fieri"".",2026-07-19 21:28:19+00:00
83fa9092ba0e8ab478fe14f00fd80c9c,2026-07-14T14:16:59Z,'Regenmengen',www.diepresse.com,de,0.9,Trockenheit ohne Ende: In manchen Orten Österreichs war es seit 1885 nicht mehr so trocken,"Um den seit Jahresbeginn fehlenden Niederschlag auszugleichen, müsste es in den kommenden Wochen rund 160 Liter pro Quadratmeter zusätzlich regnen. Vor allem im Osten schaut es aber nicht nach nennenswerten Regenmengen aus.",https://www.diepresse.com/37329129/trockenheit-ohne-ende-in-manchen-orten-oesterreichs-war-es-seit-1885-so,https://img.diepresse.com/public/incoming/4zb438-kein-titel/alternates/WEBP_WIDE_1200/kein%20Titel,http://web.archive.org/web/20260714185513/https://www.diepresse.com/37329129/trockenheit-ohne-ende-in-manchen-orten-oesterreichs-war-es-seit-1885-so,"Die Presse auf Google als bevorzugte Nachrichtenquelle hinzufügen.
 Die Trockenheit in Österreich ist mittlerweile ein großes Problem. Wie Geosphere Austria am Dienstag bekannt gab, fiel von 1. Jänn… [+2157 chars]",,"Trockenheit ohne Ende: In manchen Orten Österreichs war es seit 1885 nicht mehr so trocken. Um den seit Jahresbeginn fehlenden Niederschlag auszugleichen, müsste es in den kommenden Wochen rund 160 Liter pro Quadratmeter zusätzlich regnen. Vor allem im Osten schaut es aber nicht nach nennenswerten Regenmengen aus.","Endless drought: In some places in Austria it hasn't been this dry since 1885. In order to make up for the lack of precipitation since the beginning of the year, it would have to rain an additional 160 liters per square meter in the coming weeks. However, especially in the east, it doesn't look like there will be any significant amounts of rain.","Infinita siccitas: In nonnullis locis in Austria siccum hoc anno 1885 non fuit. Ut propter defectum praecipitationis ab initio anni supplendum, plueret additamentum 160 literae per quadratum metrum in hebdomadibus venientibus. Maxime autem in oriente, non erit aliqua significativa copia pluviarum.",2026-07-21 10:40:09+00:00
7d463d18bd77a1fdfa1f9a515a34b0c1,2026-07-13T13:40:13Z,'Starkregen',versicherungswirtschaft-heute.de,de,0.9,Fünf Jahre nach Ahrtal-Katastrophe: Nur wenige Deutsche würden Eigenheim aus eigener Tasche überschwemmungssicher umbauen,"Die Umweltorganisation Urgewald hat die Bundesregierung dazu aufgefordert, „schnellstmöglich ein solidarisches und bezahlbares Versicherungssystem einzuführen“, um Wohngebäude gegen Elementarschäden wie Überschwemmungen oder Starkregen abzusichern. Der Appell…",https://versicherungswirtschaft-heute.de/politik-und-regulierung/2026-07-13/fuenf-jahre-nach-ahrtal-katastrophe-nur-wenige-deutsche-wuerden-eigenheim-aus-eigener-tasche-ueberschwemmungssicher-umbauen/,https://versicherungswirtschaft-heute.de//wp-60d20-content/uploads/2024/01/hochwasser.jpg,,"Symbolbild Hochwasser. Bildquelle: Hans auf PixabayDie Umweltorganisation Urgewald hat die Bundesregierung dazu aufgefordert, schnellstmöglich ein solidarisches und bezahlbares Versicherungssystem ei… [+546 chars]",,"Fünf Jahre nach Ahrtal-Katastrophe: Nur wenige Deutsche würden Eigenheim aus eigener Tasche überschwemmungssicher umbauen. Die Umweltorganisation Urgewald hat die Bundesregierung dazu aufgefordert, „schnellstmöglich ein solidarisches und bezahlbares Versicherungssystem einzuführen“, um Wohngebäude gegen Elementarschäden wie Überschwemmungen oder Starkregen abzusichern. Der Appell…",Five years after the Ahrtal disaster: Only a few Germans would convert their own home to make it flood-proof out of their own pocket. The environmental organization Urgewald has called on the federal government to “introduce a solidarity-based and affordable insurance system as quickly as possible” to protect residential buildings against natural damage such as floods or heavy rain. The appeal…,"Quinque annis post cladem Ahrtal: Pauci tantum Germani domum suam convertunt ut diluvium ex suo sinu faciant. Organizationis environmentalis Urgewald in foederati regimen advocavit ut ""sodali- Appellatio…",2026-07-21 16:05:08+00:00
f500dded349fe2e0691ecbfd58223845,2026-07-14T00:01:07Z,'Unwettergefahr',www.tagesspiegel.de,de,0.9,Wetterprognose: DWD erwartet kräftige Gewitter mit Unwettergefahr,"In der Mitte und im Süden Deutschlands steigt die Gefahr von Unwettern mit Starkregen, Hagel und Sturmböen. Was die Meteorologen am Dienstag erwarten.",https://www.tagesspiegel.de/gesellschaft/panorama/wetterprognose-dwd-erwartet-kraftige-gewitter-mit-unwettergefahr-15835223.html,https://www.tagesspiegel.de/images/15835222/alternates/BASE_16_9_W1400/1783987267000/gewitter-uber-norddeutschland.jpeg,http://web.archive.org/web/20260714092252/https://www.tagesspiegel.de/gesellschaft/panorama/wetterprognose-dwd-erwartet-kraftige-gewitter-mit-unwettergefahr-15835223.html,"Der Deutsche Wetterdienst (DWD) warnt für heute vor Unwetter in Teilen Deutschlands. In der Mitte und im Süden seien teils kräftige Gewitter mit Unwettergefahr möglich, teilte der DWD mit. Im Westen … [+948 chars]",,"Wetterprognose: DWD erwartet kräftige Gewitter mit Unwettergefahr. In der Mitte und im Süden Deutschlands steigt die Gefahr von Unwettern mit Starkregen, Hagel und Sturmböen. Was die Meteorologen am Dienstag erwarten.","Weather forecast: DWD expects strong thunderstorms with a risk of severe weather. In the middle and south of Germany, the risk of storms with heavy rain, hail and squalls is increasing. What the meteorologists expect on Tuesday.","Tempestas praenuntietur: DWD exspectat procellas validas cum periculo tempestatis gravis. In Germania media et meridionali periculum procellarum cum pluvia, grandine et procellis increscit. Quid astrologi die Martis exspectant.",2026-07-21 21:42:56+00:00
8ae7efadd4152881b60a0dc6072a1bbd,2026-07-16T05:35:08Z,'Starkregen',www.spektrum.de,de,0.9,Hitzewelle: Weiterhin Unwettergefahr - dann Abkühlung,"Heftige Gewitter mit Starkregen, Hagel und Sturm sind vor allem im Süden zu befürchten. Am Freitag sorgt dann ein Wechsel der Luftmassen für Abkühlung.",https://www.spektrum.de/news/hitzewelle-weiterhin-unwettergefahr-dann-abkuehlung/2334795,https://static.spektrum.de/fm/912/f1920x1080/iStock-1401199314.jpg,http://web.archive.org/web/20260718040033/https://www.spektrum.de/news/hitzewelle-weiterhin-unwettergefahr-dann-abkuehlung/2334795,"In Reutlingen sorgten Starkregen und ein Hagelsturm mit bis zu fünf Zentimeter großen Körnern für vollgelaufene Keller, überflutete Straßen und einen zeitweisen Stromausfall für rund 6000 Haushalte. … [+758 chars]",,"Hitzewelle: Weiterhin Unwettergefahr - dann Abkühlung. Heftige Gewitter mit Starkregen, Hagel und Sturm sind vor allem im Süden zu befürchten. Am Freitag sorgt dann ein Wechsel der Luftmassen für Abkühlung.","Heat wave: There is still a risk of severe weather - then cooling down. Violent thunderstorms with heavy rain, hail and storms are to be feared, especially in the south. On Friday, a change in the air masses will cause cooling.","Fluctus aestus: Est adhuc periculum gravis tempestatis - tum refrigeratio descendit. Tonitrua violenta cum pluvia, grandines et procellae metuendae sunt, praesertim ad meridiem. Die Veneris, mutatio massae aeris refrigerandi causa erit.",2026-07-21 21:42:56+00:00
7f700c237d204205e5fb6ed9a95773a6,2026-07-17T10:03:45Z,'Unwettergefahr',www.tagesspiegel.de,de,0.9,Unwettergefahr in Potsdam: Wetterdienst rechnet mit Gewitter und Starkregen,"Nach sommerlicher Hitze bringen Wind, Gewitter und teils kräftiger Regen Abkühlung nach Brandenburg und Berlin. Lokal kann es auch Hagel und schwere Sturmböen geben.",https://www.tagesspiegel.de/potsdam/landeshauptstadt/unwettergefahr-in-potsdam-wetterdienst-rechnet-mit-gewitter-und-starkregen-15849611.html,https://www.tagesspiegel.de/images/15849624/alternates/BASE_16_9_W1400/1784282024000/regenwetter-potsdam.jpeg,http://web.archive.org/web/20260718045249/https://www.tagesspiegel.de/potsdam/landeshauptstadt/unwettergefahr-in-potsdam-wetterdienst-rechnet-mit-gewitter-und-starkregen-15849611.html,Der Deutsche Wetterdienst (DWD) rechnet im Laufe des Nachmittags und Abends für Potsdam mit teils schwerem Gewitter und Starkregen. Nach Angaben der Meteorologen können auch schwere Sturmböen mit Win… [+2417 chars],,"Unwettergefahr in Potsdam: Wetterdienst rechnet mit Gewitter und Starkregen. Nach sommerlicher Hitze bringen Wind, Gewitter und teils kräftiger Regen Abkühlung nach Brandenburg und Berlin. Lokal kann es auch Hagel und schwere Sturmböen geben.","Danger of severe weather in Potsdam: Weather service expects thunderstorms and heavy rain. After the summer heat, wind, thunderstorms and sometimes heavy rain bring cooling to Brandenburg and Berlin. Locally there may also be hail and heavy squalls.","Gravis tempestatis periculum in Potsdam: Tempestas ministerium expectat tonitruum et pluviam gravem. Post aestus aestatis, venti, procellae et interdum pluviae magnae Brandenburgum et Berolinum refrigerant. Item localiter grandines et magnae procellae possunt esse.",2026-07-21 21:42:56+00:00
677abc33404e10607b551b30e3c0f55d,2026-07-13T17:42:23Z,'Unwetter Regen',www.tagesspiegel.de,de,0.8,Unwetter in Teilen Norddeutschlands: Wetterdienst warnt vor Lebensgefahr wegen Blitzeinschlägen,"Heftiger Regen, Hagel und Blitze ziehen über den Norden Deutschlands. Der DWD rät in betroffenen Kreisen dringend, Gebäude als Schutz aufzusuchen.",https://www.tagesspiegel.de/gesellschaft/panorama/unwetter-in-teilen-norddeutschlands-wetterdienst-warnt-vor-lebensgefahr-wegen-blitzeinschlagen-15835058.html,https://www.tagesspiegel.de/images/15835061/alternates/BASE_16_9_W1400/1783963856000/gewitter-uber-norddeutschland.jpeg,http://web.archive.org/web/20260713184557/https://www.tagesspiegel.de/gesellschaft/panorama/unwetter-in-teilen-norddeutschlands-wetterdienst-warnt-vor-lebensgefahr-wegen-blitzeinschlagen-15835058.html,"Der Deutsche Wetterdienst (DWD) warnt in Teilen Norddeutschlands vor Unwettern. In Niedersachsen sind demnach die Landkreise Cuxhaven, Stade und Harburg betroffen sowie die Kreise Diepholz, Verden un… [+535 chars]",,"Unwetter in Teilen Norddeutschlands: Wetterdienst warnt vor Lebensgefahr wegen Blitzeinschlägen. Heftiger Regen, Hagel und Blitze ziehen über den Norden Deutschlands. Der DWD rät in betroffenen Kreisen dringend, Gebäude als Schutz aufzusuchen.","Storms in parts of northern Germany: Weather service warns of danger to life due to lightning strikes. Heavy rain, hail and lightning hit northern Germany. The DWD urgently advises those affected to use buildings as protection.","Tempestates in partibus Germaniae septentrionalis: Tempestas admonet de servitio periculi ad vitam fulminibus ob ferit. Imber, grando, et fulmen Germaniae septentrionalis feriunt. DWD instanter admonet eos qui adfecti sunt ut aedificia in tutela utantur.",2026-07-22 10:40:30+00:00
451dd1c4d8a796c0e0c6971f1bedc5ab,2026-07-14T21:50:39Z,'Unwetter Regen',www.bild.de,de,0.8,Tornadoveracht! - Unwetter sorgen für Chaos Franken,"Erst orkanartige Böen, dann Hagel und sintflutartiger Regen. In Franken sorgen gleich zwei Superzellen für ein Wetterchaos.",https://www.bild.de/news/tornadoveracht-unwetter-sorgen-fuer-chaos-franken-6a56a87d664e99bc41e93194,"https://images.bild.de/6a56a87d664e99bc41e93194/f9f88e9cb262b6d1350e0301b748713b,7cec6f8e?w=1280",,"Mehr zum Video anzeigen 
Erst orkanartige Böen, dann Hagel und sintflutartiger Regen. In Franken sorgen gleich zwei Superzellen für ein Wetterchaos. 
Quelle: NonstopNews; extremwetter.tv14.07.2026 … [+10 chars]",,"Tornadoveracht! - Unwetter sorgen für Chaos Franken. Erst orkanartige Böen, dann Hagel und sintflutartiger Regen. In Franken sorgen gleich zwei Superzellen für ein Wetterchaos.","Tornado contempt! - Storms cause chaos in Franconia. First hurricane-like gusts, then hail and torrential rain. In Franconia, two supercells are causing weather chaos.","Pollucis contempt! — Tempestates causa chaos in Franconia. Primo ventorum instar procellae, deinde grandines et imbres torrentes. In Franconia duo supercellae chaos tempestatis causant.",2026-07-22 10:40:30+00:00
211cc7322f9057b2d3070ab90dbae335,2026-07-14T05:18:38Z,'Unwetter Regen',www.tagesspiegel.de,de,0.9,Wettervorhersage: Temperaturen knapp unter 30 Grad - wann Unwetter droht,"Biergarten oder Badesee? Die sommerlichen Temperaturen bringen Berlin und Brandenburg ins Schwitzen. Doch wer nicht aufpasst, wird von Starkregen, Hagel und Gewittern überrascht.",https://www.tagesspiegel.de/berlin/wettervorhersage-temperaturen-knapp-unter-30-grad-wann-unwetter-droht-15835380.html,https://www.tagesspiegel.de/images/15835379/alternates/BASE_16_9_W1400/1784006318000/sommerliche-temperaturen-aber-auch-unwetter.jpeg,http://web.archive.org/web/20260715162325/https://www.tagesspiegel.de/berlin/wettervorhersage-temperaturen-knapp-unter-30-grad-wann-unwetter-droht-15835380.html,"Hohe Temperaturen locken in Berlin und Brandenburg nach draußen, aber es drohen auch Unwetter mit Starkregen, Hagel und schweren Sturmböen. Ein Tief in höheren Luftschichten sorgt dafür, dass Gewitte… [+1768 chars]",,"Wettervorhersage: Temperaturen knapp unter 30 Grad - wann Unwetter droht. Biergarten oder Badesee? Die sommerlichen Temperaturen bringen Berlin und Brandenburg ins Schwitzen. Doch wer nicht aufpasst, wird von Starkregen, Hagel und Gewittern überrascht.","Weather forecast: Temperatures just below 30 degrees - when storms threaten. Beer garden or swimming lake? The summer temperatures make Berlin and Brandenburg sweat. But if you're not careful, you'll be surprised by heavy rain, hail and thunderstorms.","Tempestas praenuntietur: Temperaturis sub 30 gradibus — tempestates minantur. Beer hortus an lacus lacus? Temperatura aestas Berolinum et Brandenburgum sudorem efficit. At si non caveas, imbres, grandines, et tonitrua miraberis.",2026-07-22 10:40:30+00:00
a9a8dbc0f68b29d110a47c8d135fbba6,2026-07-14T05:28:32Z,'Unwetter Regen',www.morgenpost.de,de,0.9,Temperaturen in Berlin knapp unter 30 Grad – wann Unwetter droht,"Die sommerlichen Temperaturen bringen Berlin und Brandenburg ins Schwitzen. Doch wer nicht aufpasst, wird von Starkregen, Hagel und Gewittern überrascht.",https://www.morgenpost.de/berlin/article412571515/temperaturen-in-berlin-knapp-unter-30-grad-wann-unwetter-droht.html,https://img.sparknews.funkemedien.de/412535713/412535713_1783660218_v16_9_1600.jpeg,,"Hohe Temperaturen locken in Berlin und Brandenburg nach draußen, aber es drohen auch Unwetter mit Starkregen, Hagel und schweren Sturmböen. Ein Tief in höheren Luftschichten sorgt dafür, dass Gewitte… [+1653 chars]",,"Temperaturen in Berlin knapp unter 30 Grad – wann Unwetter droht. Die sommerlichen Temperaturen bringen Berlin und Brandenburg ins Schwitzen. Doch wer nicht aufpasst, wird von Starkregen, Hagel und Gewittern überrascht.","Temperatures in Berlin just below 30 degrees – when storms threaten. The summer temperatures make Berlin and Brandenburg sweat. But if you're not careful, you'll be surprised by heavy rain, hail and thunderstorms.","Temperaturae Berolinensi mox infra 30 gradus – cum procellae minantur. Temperatura aestas Berolinum et Brandenburgum sudorem efficit. At si non caveas, imbres, grandines, et tonitrua miraberis.",2026-07-22 10:40:30+00:00
2c09a1aa3864874db8ced189af2cd810,2026-07-14T09:32:15Z,'Starkregen',www.tagesspiegel.de,de,0.9,Vorhersage: Wetterdienst: Weiter schwere Gewitter mit Starkregen möglich,Ab dem Wochenende deutet sich laut DWD eine Wetterberuhigung an. Zuvor bleibt das Unwetter-Risiko bestehen.,https://www.tagesspiegel.de/gesellschaft/panorama/vorhersage-wetterdienst-weiter-schwere-gewitter-mit-starkregen-moglich-15836203.html,https://www.tagesspiegel.de/images/15836202/alternates/BASE_16_9_W1400/1784021535000/unwetter-in-niedersachsen.jpeg,http://web.archive.org/web/20260715200621/https://www.tagesspiegel.de/gesellschaft/panorama/vorhersage-wetterdienst-weiter-schwere-gewitter-mit-starkregen-moglich-15836203.html,"Der Deutsche Wetterdienst (DWD) sieht für Teile Deutschlands weiterhin eine große Gefahr von unwetterartigen Gewittern. Dabei steht vor allem der Starkregen im Fokus, der lokal und eng begrenzt sehr … [+1254 chars]",,Vorhersage: Wetterdienst: Weiter schwere Gewitter mit Starkregen möglich. Ab dem Wochenende deutet sich laut DWD eine Wetterberuhigung an. Zuvor bleibt das Unwetter-Risiko bestehen.,"Forecast: Weather Service: Further severe thunderstorms with heavy rain possible. According to the DWD, there are signs that the weather will calm down from the weekend onwards. Before that, the risk of severe weather remains.",Weather: Weather Service: Praeterea gravia tonitrua cum pluvia gravi possunt. Secundum DWD signa sunt quae tempestas ab volutpat vestibulum interdum mitigabit. Ante hoc periculum gravis tempestatis manet.,2026-07-22 10:40:30+00:00
014fe80fda3910fac4c405a5905b6b7d,2026-07-16T04:33:23Z,'Starkregen',www.tagesspiegel.de,de,0.9,Erhöhtes Unwetterpotential: Gewitter und Unwetter über Berlin und Brandenburg erwartet,"Blitze, Donner, Starkregen: Der DWD warnt vor Gewittern über Berlin und Brandenburg. Zum Wochenende hin gilt ein „erhöhtes Unwetterpotential“.",https://www.tagesspiegel.de/berlin/erhohtes-unwetterpotential-gewitter-und-unwetter-uber-berlin-und-brandenburg-erwartet-15844802.html,https://www.tagesspiegel.de/images/15844801/alternates/BASE_16_9_W1400/1784176403000/gewitter-uber-brandenburg.jpeg,,"Gewitter ziehen in den kommenden Tagen über Berlin und Brandenburg. Am Freitag sind Unwetter möglich, wie der Deutsche Wetterdienst (DWD) mitteilte. 
Heute rechnet der DWD noch mit einer geringen Ge… [+1711 chars]",,"Erhöhtes Unwetterpotential: Gewitter und Unwetter über Berlin und Brandenburg erwartet. Blitze, Donner, Starkregen: Der DWD warnt vor Gewittern über Berlin und Brandenburg. Zum Wochenende hin gilt ein „erhöhtes Unwetterpotential“.","Increased severe weather potential: thunderstorms and storms expected over Berlin and Brandenburg. Lightning, thunder, heavy rain: The DWD warns of thunderstorms over Berlin and Brandenburg. There is an “increased potential for severe weather” heading into the weekend.","Tempestates graves auctae sunt potentiae: tonitribus et procellis per Berolinum et Brandenburgum expectati. Fulgura, tonitrua, pluviae graves: DWD tonitribus super Berolinum et Brandenburgum monet. Est ""potentia aucta pro gravibus tempestatibus"" petentis in volutpat vestibulum.",2026-07-22 10:40:30+00:00
752c0aff37bb4f4f90badf0dc2a51fa9,2026-07-17T04:00:13Z,'Starkregen',www.tagesspiegel.de,de,0.9,Schwere Gewitter und Starkregen erwartet: Am frühen Abend könnten Regenwolken den Südwesten Berlins erreichen,"Nach sommerlicher Hitze bringen Wind, Gewitter und kräftiger Regen Abkühlung nach Berlin und Brandenburg. Lokal kann es auch Hagel und schwere Sturmböen geben.",https://www.tagesspiegel.de/berlin/schwere-gewitter-und-starkregen-erwartet-am-fruhen-abend-konnten-regenwolken-den-sudwesten-berlins-erreichen-15848213.html,https://www.tagesspiegel.de/images/15848246/alternates/BASE_16_9_W1400/1784264714000/wetter-in-baden-wurttemberg.jpeg,,"Der Deutsche Wetterdienst (DWD) rechnet im Laufe des Nachmittags und Abends für Berlin und Brandenburg mit teils schweren Gewittern und Starkregen.
Nachdem am Mittag die letzten Vormittagsgewitter i… [+2586 chars]",,"Schwere Gewitter und Starkregen erwartet: Am frühen Abend könnten Regenwolken den Südwesten Berlins erreichen. Nach sommerlicher Hitze bringen Wind, Gewitter und kräftiger Regen Abkühlung nach Berlin und Brandenburg. Lokal kann es auch Hagel und schwere Sturmböen geben.","Severe thunderstorms and heavy rain expected: Rain clouds could reach the southwest of Berlin in the early evening. After the summer heat, wind, thunderstorms and heavy rain bring cooling to Berlin and Brandenburg. Locally there may also be hail and heavy squalls.","Tempestates graves et pluviae graves expectatae sunt: ​​nubes pluviae primo vesperi ad meridiem Berolinum pervenire potuerunt. Post aestus aestatis, venti, procellae et pluviae graves refrigerationem Berolini et Brandenburgici inducunt. Item localiter grandines et magnae procellae possunt esse.",2026-07-23 06:18:08+00:00
8f567926f8e151533d2bec685e6cbd40,2026-07-17T04:09:30Z,'Unwettergefahr',www.zeit.de,de,0.9,Wetter: Nach der Hitze steigt die Unwettergefahr in Rheinland-Pfalz,Hier finden Sie Informationen zu dem Thema „Wetter“. Lesen Sie jetzt „Nach der Hitze steigt die Unwettergefahr in Rheinland-Pfalz“.,https://www.zeit.de/news/2026-07/17/nach-der-hitze-steigt-die-unwettergefahr-in-rheinland-pfalz,https://img.zeit.de/news/2026-07/17/nach-der-hitze-steigt-die-unwettergefahr-in-rheinland-pfalz-image-group/wide__1300x731,http://web.archive.org/web/20260717225627/https://www.zeit.de/news/2026-07/17/nach-der-hitze-steigt-die-unwettergefahr-in-rheinland-pfalz,In Rheinland-Pfalz und im Saarland müssen sich die Menschen auf einen unbeständigen Wettertag einstellen. Bereits in den Morgenstunden sind einzelne Schauer und Gewitter möglich. Am Nachmittag nimmt … [+805 chars],,Wetter: Nach der Hitze steigt die Unwettergefahr in Rheinland-Pfalz. Hier finden Sie Informationen zu dem Thema „Wetter“. Lesen Sie jetzt „Nach der Hitze steigt die Unwettergefahr in Rheinland-Pfalz“.,"Weather: After the heat, the risk of severe weather increases in Rhineland-Palatinate. Here you will find information on the topic of “weather”. Now read “After the heat, the risk of severe weather increases in Rhineland-Palatinate”.","Tempestas: Post aestus periculum gravis tempestatis in Rheno-Palatinato crescit. Hic informationes invenies in argumento ""tempestatis"". Nunc legitur ""Post aestus periculum gravis tempestatis in Rheno-Palatinate"" crescit.",2026-07-23 06:18:08+00:00
abd851f8edd9597dddf42ed9a330022f,2026-07-17T04:46:03Z,'Starkregen',www.welt.de,de,0.9,Superzelle richtet massive Schäden an – Wetterdienst warnt vor Überflutungen und Erdrutschen,"Orkanböen, heftiger Starkregen und große Hagelkörner: Heftige Gewitter sind über Baden-Württemberg gezogen und haben Schäden verursacht. Die Feuerwehr in Ulm etwa berichtete von herabfallenden Ästen und Dachziegeln.",https://www.welt.de/videos/video6a59ac9729b150f031b15b54/baden-wuerttemberg-superzelle-richtet-massive-schaeden-an-wetterdienst-warnt-vor-ueberflutungen-und-erdrutschen.html,https://images.welt.de/6a59ac9729b150f031b15b54/7df532befee0013e2adc0479dfc82984/ci16x9-w1200/dpa-com-260716-936-42123-jpg,,"Orkanböen, heftiger Starkregen und große Hagelkörner: Heftige Gewitter sind über Baden-Württemberg gezogen und haben Schäden verursacht. Die Feuerwehr in Ulm etwa berichtete von herabfallenden Ästen … [+75 chars]",,"Superzelle richtet massive Schäden an – Wetterdienst warnt vor Überflutungen und Erdrutschen. Orkanböen, heftiger Starkregen und große Hagelkörner: Heftige Gewitter sind über Baden-Württemberg gezogen und haben Schäden verursacht. Die Feuerwehr in Ulm etwa berichtete von herabfallenden Ästen und Dachziegeln.","Supercell causes massive damage - weather service warns of floods and landslides. Hurricane gusts, heavy rain and large hailstones: violent thunderstorms hit Baden-Württemberg and caused damage. The fire department in Ulm, for example, reported falling branches and roof tiles.","Supercell causat magnum damnum - servitium tempestatum admonet inundationes et proruit. Procellae procellae, pluviae et grandines magnae: procellae procellae Baden-Wurttembergam feriunt et damnum attulerunt. Ignis in Ulma, exempli gratia, ramis cadentibus et tegulis tegulis retulit.",2026-07-23 06:18:08+00:00
d2d2a34c0531ddaf6920c76f741d6e3e,2026-07-17T05:39:29Z,'Starkregen',www.zeit.de,de,0.9,"Wetteraussichten: Neue Unwetter mit Gewitter, Sturm und Starkregen drohen","Hier finden Sie Informationen zu dem Thema „Wetteraussichten“. Lesen Sie jetzt „Neue Unwetter mit Gewitter, Sturm und Starkregen drohen“.",https://www.zeit.de/news/2026-07/17/neue-unwetter-mit-gewitter-sturm-und-starkregen-drohen,https://img.zeit.de/news/2026-07/17/neue-unwetter-mit-gewitter-sturm-und-starkregen-drohen-image-group/wide__1300x731,http://web.archive.org/web/20260718083812/https://www.zeit.de/news/2026-07/17/neue-unwetter-mit-gewitter-sturm-und-starkregen-drohen,"Für Teile Niedersachsens drohen heute wieder Gewitter mit Unwetterpotential durch heftigen Starkregen, schweren Sturmböen und Hagel. Wie der Deutsche Wetterdienst (DWD) mitteilte, liege der Schwerpun… [+835 chars]",,"Wetteraussichten: Neue Unwetter mit Gewitter, Sturm und Starkregen drohen. Hier finden Sie Informationen zu dem Thema „Wetteraussichten“. Lesen Sie jetzt „Neue Unwetter mit Gewitter, Sturm und Starkregen drohen“.","Weather outlook: There is a threat of new storms with thunderstorms, storms and heavy rain. Here you will find information on the topic of “Weather Prospects”. Now read “New storms with thunderstorms, storms and heavy rain are threatening”.","Tempestas prospectans: comminatio novarum tempestatum cum tonitribus, procellis et pluviae gravi. Hic informationes invenies in argumento ""Prospectus Tempestatis"". Nunc lege ""Novae procellae cum tonitribus, procellis et pluviae magnae minantur"".",2026-07-23 06:18:08+00:00
4b45f8e68162ba349ba78e2802bdfb93,2026-07-17T06:15:12Z,'Starkregen',www.tagesspiegel.de,de,0.9,Superzelle sorgte für schwere Unwetter: Radfahrer stirbt in Karlsruhe – weitere Gewitter und Starkregen erwartet,"Entwurzelte Bäume, herabgestürzte Äste, vollgelaufene Keller: In Baden-Württemberg und Bayern kam es zu schweren Unwettern. Meteorologen rechnen mit weiteren Gewittern.",https://www.tagesspiegel.de/gesellschaft/panorama/superzelle-sorgte-fur-schwere-unwetter-radfahrer-stirbt-in-karlsruhe--weitere-gewitter-und-starkregen-erwartet-15848408.html,https://www.tagesspiegel.de/images/15849479/alternates/BASE_16_9_W1400/1784281034000/unwetter-in-baden-wurttemberg.jpeg,,"Schwere Unwetter haben in weiten Teilen Baden-Württembergs ihre Spuren hinterlassen  nach ersten Erkenntnissen gab es ein Todesopfer und mehrere Verletzte.
In Karlsruhe erschlug ein während eines Ge… [+5388 chars]",,"Superzelle sorgte für schwere Unwetter: Radfahrer stirbt in Karlsruhe – weitere Gewitter und Starkregen erwartet. Entwurzelte Bäume, herabgestürzte Äste, vollgelaufene Keller: In Baden-Württemberg und Bayern kam es zu schweren Unwettern. Meteorologen rechnen mit weiteren Gewittern.","Supercell caused severe storms: cyclist dies in Karlsruhe - more thunderstorms and heavy rain expected. Uprooted trees, fallen branches, flooded cellars: there were severe storms in Baden-Württemberg and Bavaria. Meteorologists are expecting more thunderstorms.","Supercellus graves tempestates effecit: Eques in Karlsruhe moritur - plures tonitribus et pluviae exspectantur. Arbores exstirpatae, rami lapsi, cellae inundatae: magnae tempestates in Baden-Württemberg et Bavaria erant. Astrologi plus tonitribus exspectant.",2026-07-23 06:18:08+00:00
fe2f164823e8430c8e2a40a0785533ef,2026-07-17T07:09:50Z,'Starkregen',www.sueddeutsche.de,de,0.9,"Vorhersage für Bayern: Starkregen, Hagel, Orkanböen: Unwetter auch zum Wochenende",Der Sommer in Bayern macht Pause - auch wenn die Temperaturen zunächst  hoch bleiben. Doch mit Gewittern und Regen kommen auch kühlere Tage.,https://www.sueddeutsche.de/bayern/wetter-unwetter-bayern-starkregen-hagel-orkanboeen-li.3517446,https://www.sueddeutsche.de/2026/07/17/fc57b936-5e9c-4e8b-88fb-a8dcf4e6cacb.jpg?q=60&fm=webp&width=1200&rect=0%2C151%2C3612%2C2032,http://web.archive.org/web/20260717211700/https://www.sueddeutsche.de/bayern/wetter-unwetter-bayern-starkregen-hagel-orkanboeen-li.3517446,"Möglich sind dabei den Angaben zufolge Starkregenmengen mit bis zu 40 Litern pro Quadratmeter, Hagelkörner um die zwei Zentimeter und lokal teils orkanartige Böen mit bis zu 110 Kilometern pro Stunde… [+993 chars]",,"Vorhersage für Bayern: Starkregen, Hagel, Orkanböen: Unwetter auch zum Wochenende. Der Sommer in Bayern macht Pause - auch wenn die Temperaturen zunächst  hoch bleiben. Doch mit Gewittern und Regen kommen auch kühlere Tage.","Forecast for Bavaria: Heavy rain, hail, hurricane gusts: severe weather also for the weekend. Summer in Bavaria is taking a break - even if the temperatures initially remain high. But with thunderstorms and rain come cooler days.","Praedictio Bavariae: Imber gravis, grando, procellae procellae: etiam tempestas gravis pro volutpat vestibulum. Aestas in Bavaria intermissum accipit - etsi temperaturae altae initio manent. Sed cum tonitribus et pluviis veniunt frigidiores dies.",2026-07-23 06:18:08+00:00
761f56ac28b4836b5e1cd444c0395ec4,2026-07-17T08:40:45Z,'Starkregen',www.welt.de,de,0.9,"„Ich habe das noch nie so gesehen, so viele umgefallene Bäume, angsteinflößend“","Orkanböen, Starkregen und große Hagelkörner: Heftige Gewitter sind über Baden-Württemberg gezogen und haben Schäden verursacht. Die Feuerwehr in Ulm etwa berichtete von herabfallenden Ästen und Dachziegeln.",https://www.welt.de/videos/video6a59d4e929b150f031b15d5c/superzelle-in-baden-wuerttemberg-ich-habe-das-noch-nie-so-gesehen-so-viele-umgefallene-baeume-angsteinfloessend.html,https://images.welt.de/6a59d4e929b150f031b15d5c/f538aad80b850dfa217c9f1d221eaad5/ci16x9-w1200/dpa-com-260715-936-41042-jpg,,"Orkanböen, Starkregen und große Hagelkörner: Heftige Gewitter sind über Baden-Württemberg gezogen und haben Schäden verursacht. Die Feuerwehr in Ulm etwa berichtete von herabfallenden Ästen und Dachz… [+66 chars]",,"„Ich habe das noch nie so gesehen, so viele umgefallene Bäume, angsteinflößend“. Orkanböen, Starkregen und große Hagelkörner: Heftige Gewitter sind über Baden-Württemberg gezogen und haben Schäden verursacht. Die Feuerwehr in Ulm etwa berichtete von herabfallenden Ästen und Dachziegeln.","“I’ve never seen it like that, so many fallen trees, scary.” Hurricane gusts, heavy rain and large hailstones: violent thunderstorms hit Baden-Württemberg and caused damage. The fire department in Ulm, for example, reported falling branches and roof tiles.","""Nunquam vidi id, tot arbores caducas, scary."" Procellae procellae, pluviae et grandines magnae: procellae procellae Baden-Wurttembergam feriunt et damnum attulerunt. Ignis in Ulma, exempli gratia, ramis cadentibus et tegulis tegulis retulit.",2026-07-23 06:18:08+00:00
0d580cc1c61ac16a1136c5affb9cacf0,2026-07-17T08:40:45Z,'Starkregen',www.welt.de,de,0.9,"„Plötzlich hat es gestürmt – dachten, wir sind im Krieg“","Orkanböen, heftiger Starkregen und große Hagelkörner: Heftige Gewitter sind über Baden-Württemberg gezogen und haben Schäden verursacht. Die Feuerwehr in Ulm etwa berichtete von herabfallenden Ästen und Dachziegeln.",https://www.welt.de/videos/video6a59d4e929b150f031b15d5c/superzelle-in-baden-wuerttemberg-ploetzlich-hat-es-gestuermt-dachten-wir-sind-im-krieg.html,https://images.welt.de/6a59d4e929b150f031b15d5c/f538aad80b850dfa217c9f1d221eaad5/ci16x9-w1200/dpa-com-260715-936-41042-jpg,,"Orkanböen, heftiger Starkregen und große Hagelkörner: Heftige Gewitter sind über Baden-Württemberg gezogen und haben Schäden verursacht. Die Feuerwehr in Ulm etwa berichtete von herabfallenden Ästen … [+75 chars]",,"„Plötzlich hat es gestürmt – dachten, wir sind im Krieg“. Orkanböen, heftiger Starkregen und große Hagelkörner: Heftige Gewitter sind über Baden-Württemberg gezogen und haben Schäden verursacht. Die Feuerwehr in Ulm etwa berichtete von herabfallenden Ästen und Dachziegeln.","“Suddenly it stormed – we thought we were at war.” Hurricane gusts, heavy rain and large hailstones: violent thunderstorms hit Baden-Württemberg and caused damage. The fire department in Ulm, for example, reported falling branches and roof tiles.","""Subito expugnavit - fuimus ad bellum."" Procellae procellae, pluviae et grandines magnae: procellae procellae Baden-Wurttembergam feriunt et damnum attulerunt. Ignis in Ulma, exempli gratia, ramis cadentibus et tegulis tegulis retulit.",2026-07-23 06:18:08+00:00
24ded8011f7bf46fc3866d12fb46da2f,2026-07-19T16:44:58Z,'Erdrutsche Regen',www.diepresse.com,de,0.8,Monsun-Regen: Mindestens 19 Tote in Indien,Heftige Regenfälle haben in Indien für Überschwemmungen und Erdrutsche gesorgt.,https://www.diepresse.com/38340425/monsun-regen-mindestens-19-tote-in-indien,https://img.diepresse.com/public/incoming/1591bm-india-transport-weather-rain/alternates/WEBP_WIDE_1200/INDIA-TRANSPORT-WEATHER-RAIN,http://web.archive.org/web/20260719211315/https://www.diepresse.com/38340425/monsun-regen-mindestens-19-tote-in-indien,"Die Presse auf Google als bevorzugte Nachrichtenquelle hinzufügen.
 Bei Überschwemmungen und Erdrutschen infolge von Monsun-Regen sind in Indien mindestens 19 Menschen ums Leben gekommen. In der Reg… [+631 chars]",,Monsun-Regen: Mindestens 19 Tote in Indien. Heftige Regenfälle haben in Indien für Überschwemmungen und Erdrutsche gesorgt.,Monsoon rain: At least 19 dead in India. Heavy rains have caused floods and landslides in India.,ETESIA pluvia: Saltem 19 mortua in India. Imbres graves et prolapsae in Indiae flumina causaverunt.,2026-07-23 16:10:24+00:00
36253e6e055c6e5f4881cfe2ca633eb0,2026-07-19T17:06:41Z,'Erdrutsche Regen',www.derstandard.at,de,0.8,Monsun-Regen in Indien: Mindestens 19 Menschen ums Leben gekommen,Infolge des Monsun-Regens gab es Erdrutsche und Überschwemmungen. 15 weitere Menschen wurden verletzt,https://www.derstandard.at/story/3000000332080/monsun-regen-in-indien-mindestens-19-menschen-ums-leben-gekommen,https://i.ds.at/E1nytw/rs:fill:1200:600/plain/lido-images/2026/07/19/7d65e964-4b93-4676-ac48-d40de85360a6.jpg,http://web.archive.org/web/20260719175151/https://www.derstandard.at/story/3000000332080/monsun-regen-in-indien-mindestens-19-menschen-ums-leben-gekommen,"Sie entscheiden darüber, wie Sie unsere Inhalte nutzen wollen. Ihr Gerät erlaubt uns derzeit leider nicht, die entsprechenden Optionen anzuzeigen.
Bitte deaktivieren Sie sämtliche Hard- und Software… [+180 chars]",,Monsun-Regen in Indien: Mindestens 19 Menschen ums Leben gekommen. Infolge des Monsun-Regens gab es Erdrutsche und Überschwemmungen. 15 weitere Menschen wurden verletzt,"Monsoon rains in India: At least 19 people died. As a result of the monsoon rains, there were landslides and floods. 15 other people were injured","ETESIA in India pluit: Saltem XIX homines mortui sunt. Propter imbres ETESIAE, proruit et diluvia. XV aliis laesus",2026-07-23 16:10:24+00:00
1a2ea01da2bda9ae6156a762dcccecae,2026-07-05T04:48:27Z,'Unwetterwarnung',www.tagesspiegel.de,de,0.9,Unabhängigkeitstag: Trump-Rede und riesiges Feuerwerk zum 250. Jubiläum der USA,"Die Feier zum 250. Jahrestag der Unabhängigkeit zieht sich wegen einer Unwetterwarnung bis tief in die Nacht. Bevor das große Feuerwerk losgeht, rühmt sich Präsident Trump seiner angeblichen Erfolge.",https://www.tagesspiegel.de/internationales/unabhangigkeitstag-trump-rede-und-riesiges-feuerwerk-zum-250-jubilaum-der-usa-15801706.html,https://www.tagesspiegel.de/images/15801705/alternates/BASE_16_9_W1400/1783228039000/250-jahre-usa-washington.jpeg,http://web.archive.org/web/20260705075025/https://www.tagesspiegel.de/internationales/unabhangigkeitstag-trump-rede-und-riesiges-feuerwerk-zum-250-jubilaum-der-usa-15801706.html,"Donnernde Kampfjets, drohendes Unwetter und das angeblich größte Feuerwerk aller Zeiten: Mit einer Rede in Washington hat US-Präsident Donald Trump den Schlusspunkt unter die Festlichkeiten zum 250. … [+2645 chars]",,"Unabhängigkeitstag: Trump-Rede und riesiges Feuerwerk zum 250. Jubiläum der USA. Die Feier zum 250. Jahrestag der Unabhängigkeit zieht sich wegen einer Unwetterwarnung bis tief in die Nacht. Bevor das große Feuerwerk losgeht, rühmt sich Präsident Trump seiner angeblichen Erfolge.","Independence Day: Trump speech and huge fireworks display for the 250th anniversary of the USA. The celebration of the 250th anniversary of independence dragged on until late into the night due to a severe weather warning. Before the big fireworks display begins, President Trump boasts of his alleged successes.","Dies independentiae: BUCINUM oratio et pompa ingens pro 250th anniversario in USA ostendunt. Celebratio 250th anniversarii independentiae in seram usque in noctem pertractatur ob gravem tempestatem admonitionem. Ante magnam pompam ostentationem incipit, Praeses Trump de assertis successibus gloriatur.",2026-07-24 10:35:42+00:00
eae899a3dba0efdf4ab86ea5f1ad2d88,2026-07-16T18:21:29Z,'Hochwasser Regen',www.morgenpost.de,de,0.8,Hochwasser in Texas spitzt sich zu: Behörden warnen vor Lebensgefahr,"In Texas verschärft sich die Hochwasserlage. Straßen stehen unter Wasser, Rettungskräfte sind im Dauereinsatz – und es drohen neue Regenfälle.",https://www.morgenpost.de/panorama/article412600465/hochwasser-in-texas-spitzt-sich-zu-behoerden-warnen-vor-lebensgefahr.html,https://img.sparknews.funkemedien.de/412600433/412600433_1784226089_v16_9_1600.jpeg,http://web.archive.org/web/20260718113625/https://www.morgenpost.de/panorama/article412600465/hochwasser-in-texas-spitzt-sich-zu-behoerden-warnen-vor-lebensgefahr.html,Nach heftigen Regenfällen kämpfen Teile des US-Bundesstaats Texas erneut mit schweren Überschwemmungen. Besonders betroffen ist die Region Texas Hill rund um die Stadt Kerrville. Dort retteten Einsat… [+2215 chars],,"Hochwasser in Texas spitzt sich zu: Behörden warnen vor Lebensgefahr. In Texas verschärft sich die Hochwasserlage. Straßen stehen unter Wasser, Rettungskräfte sind im Dauereinsatz – und es drohen neue Regenfälle.","Flooding in Texas is getting worse: Authorities warn of danger to life. The flood situation is worsening in Texas. Streets are under water, rescue workers are in constant use - and there is a threat of further rainfall.","Inundatio in Texas pejus est: Auctoritates monent de periculo vitae. Diluvium condicio in Texas auctior est. Plateae sub aqua sunt, adiutores adiuvantes in usu perpetuo sunt - et comminatio est plurium pluviarum.",2026-07-28 06:11:47+00:00
d096f7c18c97c679f8d717f6456654e2,2026-07-26T05:30:00Z,'Regentage',steiermark.orf.at,de,0.9,Badesaison könnte Rekorde übertreffen,Die Hitzewellen der letzten Zeit haben viele Menschen ins Freibad gezogen. Das zeigt sich auch an den Besucherzahlen: Die heurige Saison könnte trotz einiger Regentage in der ersten Junihälfte nämlich die Besucherzahlen vom Rekordjahr 2024 übertreffen.,https://steiermark.orf.at/stories/3364138/,https://ibs.orf.at/stm?image=https%3A%2F%2Foekastatic.orf.at%2Fmims%2F2026%2F19%2F34%2Fcrops%2Fw%3D1200%2Ch%3D627%2Cq%3D75%2F3023874_master_1169834_d46133aa-f0c1-4781-a7a8-9d4ff6293b79.jpg%3Fs%3Db4b6b6044e5dafbd220321363fc41f7ee09f932a,http://web.archive.org/web/20260727010924/https://steiermark.orf.at/stories/3364138/,"Schon zum Auftakt der heurigen Badesaison im Mai gab es Grund zur Freude bei den steirischen Freibadbetreibern. Der Geschäftsführer der Holding Graz Freizeit, Oliver Wieser, erklärt: Das hat einersei… [+1006 chars]",,Badesaison könnte Rekorde übertreffen. Die Hitzewellen der letzten Zeit haben viele Menschen ins Freibad gezogen. Das zeigt sich auch an den Besucherzahlen: Die heurige Saison könnte trotz einiger Regentage in der ersten Junihälfte nämlich die Besucherzahlen vom Rekordjahr 2024 übertreffen.,"Swimming season could break records. The recent heat waves have drawn many people to the outdoor pool. This is also reflected in the number of visitors: despite a few rainy days in the first half of June, this season could exceed the number of visitors from the record year 2024.","Tempus nandi monumenta frangere potuit. Recens aestus fluctus multos ad piscinam velit. Hoc etiam relucet in numero salutantium: quamvis paucis diebus pluviis in prima parte mensis Iunii, hoc tempus numerum salutantium ex censu anni 2024 excedere potuit.",2026-07-28 10:59:54+00:00
d8e93db4ffa498d7a2b075a13db31993,2026-07-15T04:57:00Z,'Pegelstände Dauerregen',oe3.orf.at,de,0.3,Hydrologe sieht Land „am Rande einer Ausnahmesituation“,<ul><li>Trotz regionaler Unterschiede insgesamt niedrige Pegelstände</li><li>TU-Wien-Forscher Günter Blöschl: Trockener Winter und anschließend wenig Regen vielerorts „fällt aus dem Rahmen“</li><li>Der Sommerregen hilft bei Grundwasserneubildung in der Regel …,https://oe3.orf.at/stories/3054182/,https://tubestatic.orf.at/static/images/site/tube/20260729/grundwasser.6045149.png,http://web.archive.org/web/20260715221542/https://oe3.orf.at/stories/3054182/,<ul><li>Trotz regionaler Unterschiede insgesamt niedrige Pegelstände</li><li>TU-Wien-Forscher Günter Blöschl: Trockener Winter und anschließend wenig Regen vielerorts fällt aus dem Rahmen</li><li>Der… [+4793 chars],,Hydrologe sieht Land „am Rande einer Ausnahmesituation“. <ul><li>Trotz regionaler Unterschiede insgesamt niedrige Pegelstände</li><li>TU-Wien-Forscher Günter Blöschl: Trockener Winter und anschließend wenig Regen vielerorts „fällt aus dem Rahmen“</li><li>Der Sommerregen hilft bei Grundwasserneubildung in der Regel …,"Hydrologist sees country “on the verge of an exceptional situation”. <ul><li>Despite regional differences, water levels are generally low </li><li>TU Vienna researcher Günter BLöschl: Dry winter and then little rain in many places “is out of the ordinary” </li><li>Summer rain usually helps with groundwater recharge...","Hydrologist patriam videt ""subito situ eximiae"". Quamvis differentiae regionales, aquae gradus plerumque humiles sunt </li><li>TU Viennensis indagator Günter BLöschl: hiems sicca et pluvia in multis locis ""ex consuetudine"" </li><li> Aestiva pluvia adiuvat plerumque cum aqua fundamento recharge...",2026-07-29 11:04:59+00:00
9bc5c7ad10b11f61afdb069499e8f8ca,2026-07-14T08:30:15Z,'Starkregen',www.sueddeutsche.de,de,0.9,Wetter: Warnungen vor Hitze und Gewittern mit Starkregen und Hagel,Im Norden Bayerns warnt der DWD vor orkanartigen Böen von Mittag an – auch in vielen anderen Regionen Deutschlands könnte das heiße Wetter heute umschlagen.,https://www.sueddeutsche.de/panorama/hitze-gewitter-starkregen-li.3515662,https://www.sueddeutsche.de/2026/07/14/4c11b2f6-e838-4e42-8060-47a58b5a0985.jpg?q=60&fm=webp&width=1200&rect=0%2C0%2C4000%2C2250,,"Im Norden Bayerns droht ab Mittag teils Unwettergefahr mit Starkregen, Sturmböen und Hagel vereinzelt rechnen Experten auch mit orkanartigen Böen um die 110 Kilometer pro Stunde. Die Höchstwerte lieg… [+1600 chars]",,Wetter: Warnungen vor Hitze und Gewittern mit Starkregen und Hagel. Im Norden Bayerns warnt der DWD vor orkanartigen Böen von Mittag an – auch in vielen anderen Regionen Deutschlands könnte das heiße Wetter heute umschlagen.,"Weather: Warnings for heat and thunderstorms with heavy rain and hail. In the north of Bavaria, the DWD warns of hurricane-like gusts from midday onwards - the hot weather could also change in many other regions of Germany today.","Tempestas: Admonitiones pro calore et tonitruo cum pluvia et grandine. Ad septentrionem Bavariae, DWD monet procellas instar procellae meridianae — aestus etiam in multis aliis Germaniae regionibus hodie mutare posse.",2026-07-31 06:32:05+00:00
e37c761a31adac570f5390922b8f9ce7,2026-07-16T09:45:20Z,'Unwettergefahr',www.tagesspiegel.de,de,0.9,Wetter: Starkregen und Hagel: Gewitter bringen Wetterumschwung,Die Hitzetage sind bald vorbei - kräftige Gewitter bringen Regen und vereinzelt Sturmböen. Zwei Regionen sind besonders betroffen. Der Deutsche Wetterdienst spricht von frühherbstlichen Temperaturen.,https://www.tagesspiegel.de/gesellschaft/panorama/wetter-starkregen-und-hagel-gewitter-bringen-wetterumschwung-15845898.html,https://www.tagesspiegel.de/images/15845897/alternates/BASE_16_9_W1400/1784195120000/erbsenernte-in-sachsen.jpeg,,"Kräftige Gewitter leiten zum Wochenende einen Wetterumschwung ein. Dabei lassen sich zwei regionale Schwerpunkte ausmachen, wie der Deutsche Wetterdienst (DWD) mitteilt: über dem Norden und Nordosten… [+2100 chars]",,Wetter: Starkregen und Hagel: Gewitter bringen Wetterumschwung. Die Hitzetage sind bald vorbei - kräftige Gewitter bringen Regen und vereinzelt Sturmböen. Zwei Regionen sind besonders betroffen. Der Deutsche Wetterdienst spricht von frühherbstlichen Temperaturen.,Weather: Heavy rain and hail: Thunderstorms bring a change in the weather. The hot days will soon be over - strong thunderstorms will bring rain and occasional squalls. Two regions are particularly affected. The German Weather Service speaks of early autumn temperatures.,Tempestas: Imber gravis et grando: Procellae mutationem tempestatis afferunt. Aestus dies mox supererit - Fortis tonitrua pluviam et interdum procellas afferent. Duae regiones praecipue afficiuntur. Officium Tempestatis Germanicae loquitur de primis autumni calores.,2026-07-31 06:32:05+00:00
b17fc4658c4449cf2237db29b4c76a2d,2026-07-16T11:09:27Z,'Unwettergefahr',www.faz.net,de,0.9,Nach Hitze in Deutschland: Kräftige Gewitter bringen Wetterumschwung,Die Hitzetage sind bald vorbei: Kräftige Gewitter mit Starkregen und Hagel werden zum Wochenende erwartet. Zwei Regionen sind besonders betroffen.,https://www.faz.net/aktuell/gesellschaft/wie-wird-das-wetter-am-wochenende-accg-201036324.html,https://media0.faz.net/image/w1200h627/e4d70d7b8db3/w2749h1436x0y197o/202607/43601.0.2341486835/grund-fuer-die-aktuelle.webp,http://web.archive.org/web/20260716124555/https://www.faz.net/aktuell/gesellschaft/wie-wird-das-wetter-am-wochenende-accg-201036324.html,"Kräftige Gewitter leiten zum Wochenende einen Wetterumschwung ein. Dabei lassen sich zwei regionale Schwerpunkte ausmachen, wie der Deutsche Wetterdienst (DWD) mitteilt: über dem Norden und Nordosten… [+1982 chars]",,Nach Hitze in Deutschland: Kräftige Gewitter bringen Wetterumschwung. Die Hitzetage sind bald vorbei: Kräftige Gewitter mit Starkregen und Hagel werden zum Wochenende erwartet. Zwei Regionen sind besonders betroffen.,After heat in Germany: Strong thunderstorms bring a change in the weather. The hot days will soon be over: strong thunderstorms with heavy rain and hail are expected for the weekend. Two regions are particularly affected.,Post calorem in Germania: Fortis tonitrua mutationem tempestatum afferunt. Dies calidi mox supra erunt: Tonitruum validi cum pluvia gravi et grandine exspectantur volutpat. Duae regiones praecipue afficiuntur.,2026-07-31 06:32:05+00:00
5f07568e6f557dea4ec066372df0f663,2026-07-02T03:50:11Z,'Dauerregen',www.zeit.de,de,0.9,"Vorhersage: Wetterdienst: Kein Hitzetag, aber auch kein Dauerregen","Hier finden Sie Informationen zu dem Thema „Vorhersage“. Lesen Sie jetzt „Wetterdienst: Kein Hitzetag, aber auch kein Dauerregen“.",https://www.zeit.de/news/2026-07/02/wetterdienst-kein-hitzetag-aber-auch-kein-dauerregen,https://img.zeit.de/news/2026-07/02/wetterdienst-kein-hitzetag-aber-auch-kein-dauerregen-image-group/wide__1300x731,http://web.archive.org/web/20260703053233/https://www.zeit.de/news/2026-07/02/wetterdienst-kein-hitzetag-aber-auch-kein-dauerregen,"Keine übermäßige Hitze, aber auch kein Dauerregen erwartet die Menschen im Tagesverlauf im Freistaat. Von Franken bis in die Alpen soll es dem Deutschen Wetterdienst (DWD) zufolge Höchsttemperaturen … [+455 chars]",,"Vorhersage: Wetterdienst: Kein Hitzetag, aber auch kein Dauerregen. Hier finden Sie Informationen zu dem Thema „Vorhersage“. Lesen Sie jetzt „Wetterdienst: Kein Hitzetag, aber auch kein Dauerregen“.","Forecast: Weather service: Not a hot day, but not continuous rain either. Here you will find information on the topic of “prediction”. Now read “Weather Service: No hot day, but no continuous rain either”.","Weather: Weather service: Not a hot day, but not continuus pluvia vel. Hic informationes invenies in argumento ""praedictionis"". Nunc lege ""Tempestas Service: Dies calidus, sed pluvia continua non est"".",2026-08-01 06:16:18+00:00
aa1a5e872ffc34d05ee122d9e837fdec,2026-07-31T03:50:02Z,'Unwettergefahr',www.bild.de,de,0.9,"Kräftige Gewitter im Anmarsch - Die Hitze bleibt, die Blitze kommen","Die Unwettergefahr in Deutschland wächst – Starkregen, Hagel und Sturmböen drohen.",https://www.bild.de/news/wetter/kraeftige-gewitter-im-anmarsch-die-hitze-bleibt-die-blitze-kommen-6a6b09b3dd06dd5ef2e3f25a,"https://images.bild.de/6a6b09b3dd06dd5ef2e3f25a/cc1c3906ba33672eb3e3d3fe957362d2,7e7e608e?w=1280",,TTS-Player überspringenArtikel weiterlesenAm Freitag gibt es noch mal einen richtig heißen Sommertag. So schnell gibt die Hitzewelle nicht auf. Doch die Regenschirme sollten nicht zu weit weggestellt… [+2479 chars],,"Kräftige Gewitter im Anmarsch - Die Hitze bleibt, die Blitze kommen. Die Unwettergefahr in Deutschland wächst – Starkregen, Hagel und Sturmböen drohen.","Strong thunderstorms approaching - the heat stays, the lightning comes. The risk of severe weather in Germany is growing - there is a risk of heavy rain, hail and squalls.","Fortis tonitribus appropinquant -, manet calor, fulgur venit. Periculum tempestatum gravis in Germania crescit - periculum est pluviae, grandinis et procellis.",2026-08-01 21:28:17+00:00
ba3294b429a32923830fd582ab7ac21f,2026-07-31T06:16:37Z,'Starkregen',www.zeit.de,de,0.9,Wetter: Gewitter und Starkregen auch am Freitag im Norden möglich,Hier finden Sie Informationen zu dem Thema „Wetter“. Lesen Sie jetzt „Gewitter und Starkregen auch am Freitag im Norden möglich“.,https://www.zeit.de/news/2026-07/31/gewitter-und-starkregen-auch-am-freitag-im-norden-moeglich,https://img.zeit.de/news/2026-07/31/gewitter-und-starkregen-auch-am-freitag-im-norden-moeglich-image-group/wide__1300x731,http://web.archive.org/web/20260801115322/https://www.zeit.de/news/2026-07/31/gewitter-und-starkregen-auch-am-freitag-im-norden-moeglich,"Nach den teils schweren Gewittern vom Donnerstagabend sind auch am Freitag in Schleswig-Holstein und Hamburg örtlich kräftige Gewitter möglich. Lokal bestehe Unwetterpotenzial durch Starkregen, teilt… [+1182 chars]",,Wetter: Gewitter und Starkregen auch am Freitag im Norden möglich. Hier finden Sie Informationen zu dem Thema „Wetter“. Lesen Sie jetzt „Gewitter und Starkregen auch am Freitag im Norden möglich“.,Weather: Thunderstorms and heavy rain also possible in the north on Friday. Here you will find information on the subject of “weather”. Now read “Thunderstorms and heavy rain also possible in the north on Friday”.,"Tempestas: Tonitruum et pluviae graves etiam in septentrione Veneris die fieri possunt. Hic invenies informationes de ""tempestate"". Nunc lege ""Procellae et pluviae graves etiam in septentrione die Veneris"".",2026-08-01 21:28:17+00:00
cb8a374b8057d3b6ee1ff8ed822e7b7a,2026-07-31T15:52:00Z,'Starkregen',taz.de,de,0.9,"Klimawandel in Russland: Starkregen, Hochwasser, Erdrutsche",Überschwemmungen nehmen in Russland zu. Vielerorts brennt der Wald. Immer mehr Rus­s*in­nen halten das für einen von der Natur vorgegebenen Prozess.,https://taz.de/Klimawandel-in-Russland/!6198624/,https://taz.de/picture/8629598/1200/41779086.jpeg,,Überschwemmungen nehmen in Russland zu. Vielerorts brennt der Wald. Immer mehr Rus­s*in­nen halten das für einen von der Natur vorgegebenen Prozess. mehr...,,"Klimawandel in Russland: Starkregen, Hochwasser, Erdrutsche. Überschwemmungen nehmen in Russland zu. Vielerorts brennt der Wald. Immer mehr Rus­s*in­nen halten das für einen von der Natur vorgegebenen Prozess.","Climate change in Russia: heavy rain, floods, landslides. Floods are increasing in Russia. The forest is burning in many places. More and more Russians believe that this is a process dictated by nature.","Mutatio climatis in Russia: pluviae, inundationes, proruit. Diluvia in Russia augentur. Silva multis locis ardet. Russi magis magisque credunt hunc esse processum a natura dictatum.",2026-08-01 21:28:17+00:00
cd7df277ddbd9aa904fb1af450cda027,2026-07-15T23:17:27Z,'Unwettergefahr',www.zeit.de,de,0.9,Schwere Gewitter drohen: Weiterhin Unwettergefahr - dann Abkühlung,Hier finden Sie Informationen zu dem Thema „Schwere Gewitter drohen“. Lesen Sie jetzt „Weiterhin Unwettergefahr - dann Abkühlung“.,https://www.zeit.de/news/2026-07/16/weiterhin-unwettergefahr-dann-abkuehlung,https://img.zeit.de/news/2026-07/16/weiterhin-unwettergefahr-dann-abkuehlung-image-group/wide__1300x731,http://web.archive.org/web/20260716001721/https://www.zeit.de/news/2026-07/16/weiterhin-unwettergefahr-dann-abkuehlung,Schwere Gewitter mit heftigem Starkregen und Hagel werden heute vor allem im Süden Deutschlands erwartet. Ab Nachmittag rechnet der Deutsche Wetterdienst (DWD) mit heftigem Starkregen um 30 Liter pro… [+2038 chars],,Schwere Gewitter drohen: Weiterhin Unwettergefahr - dann Abkühlung. Hier finden Sie Informationen zu dem Thema „Schwere Gewitter drohen“. Lesen Sie jetzt „Weiterhin Unwettergefahr - dann Abkühlung“.,Severe thunderstorms are threatening: there is still a risk of severe weather - then cooling down. Here you will find information on the topic “Severe thunderstorms threaten”. Now read “Continued risk of severe weather - then cooling down”.,"Gravis tonitribus minantur: periculum est tempestatis gravis, tum refrigeratio. Hic informationes reperies de re ""Saevae tonitribus minantur"". Nunc legitur ""Periculo continuata tempestatis gravis - deinde refrigeratio"".",2026-08-02 06:19:48+00:00
98691e2bad674d482884c8a747748bd2,2026-07-16T02:12:50Z,'Starkregen',www.zeit.de,de,0.9,"Deutscher Wetterdienst: Weiterhin Unwettergefahr, dann Abkühlung","Für den Süden Deutschlands erwarten Meteorologen Starkregen, Hagel und Sturmböen bis zu 100 km/h. Das Ende der Hitze wird am Freitag erwartet.",https://www.zeit.de/wissenschaft/umwelt/2026-07/unwetter-baden-wuerttemberg-gewitter-hagel-starkregen,https://img.zeit.de/wissenschaft/umwelt/2026-07/unwetter-baden-wuerttemberg-gewitter-hagel-starkregen-foto-1/wide__1300x731,http://web.archive.org/web/20260716060352/https://www.zeit.de/wissenschaft/umwelt/2026-07/unwetter-baden-wuerttemberg-gewitter-hagel-starkregen,Schwere Gewitter mit heftigem Starkregen und Hagel werden am Donnerstag vor allem im Süden Deutschlands erwartet. Ab Nachmittag rechnet der Deutsche Wetterdienst (DWD) mit Starkregen um 30 Liter pro … [+1616 chars],,"Deutscher Wetterdienst: Weiterhin Unwettergefahr, dann Abkühlung. Für den Süden Deutschlands erwarten Meteorologen Starkregen, Hagel und Sturmböen bis zu 100 km/h. Das Ende der Hitze wird am Freitag erwartet.","German Weather Service: There is still a risk of severe weather, then cooling down. Meteorologists expect heavy rain, hail and gusts of up to 100 km/h for the south of Germany. The heat is expected to end on Friday.","Ministerium Tempestatis Germanicae: periculum est tempestatis adhuc gravis, deinde refrigeratio. Astrologi exspectant pluviam, grandinem et procellam usque ad 100 km/h ad meridiem Germaniae. Aestus exspectatur usque ad finem Veneris.",2026-08-02 06:19:48+00:00
03363e257a604d7388f3cf2a0be380a5,2026-07-16T09:44:26Z,'Starkregen',www.zeit.de,de,0.9,Wetter: Starkregen und Hagel: Gewitter bringen Wetterumschwung,Hier finden Sie Informationen zu dem Thema „Wetter“. Lesen Sie jetzt „Starkregen und Hagel: Gewitter bringen Wetterumschwung“.,https://www.zeit.de/news/2026-07/16/starkregen-und-hagel-gewitter-bringen-wetterumschwung,https://img.zeit.de/news/2026-07/16/starkregen-und-hagel-gewitter-bringen-wetterumschwung-image-group/wide__1300x731,,"Kräftige Gewitter leiten zum Wochenende einen Wetterumschwung ein. Dabei lassen sich zwei regionale Schwerpunkte ausmachen, wie der Deutsche Wetterdienst (DWD) mitteilt: über dem Norden und Nordosten… [+2049 chars]",,Wetter: Starkregen und Hagel: Gewitter bringen Wetterumschwung. Hier finden Sie Informationen zu dem Thema „Wetter“. Lesen Sie jetzt „Starkregen und Hagel: Gewitter bringen Wetterumschwung“.,Weather: Heavy rain and hail: Thunderstorms bring a change in the weather. Here you will find information on the subject of “weather”. Now read “Heavy rain and hail: Thunderstorms bring a change in the weather”.,"Tempestas: Imber gravis et grando: Procellae mutationem tempestatis afferunt. Hic invenies informationes de ""tempestate"". Nunc lege ""Imber gravis et grando: Tempestatibus mutationem afferunt"".",2026-08-02 06:19:48+00:00
d32edbb61af95b56db38a70952b5f3a7,2026-07-16T13:16:25Z,'Starkregen',www.zeit.de,de,0.9,Gewitter und Wetterumschwung: Wetterumschwung zum Wochenende mit Hagel und Starkregen,"Das Wetter schlägt zum Wochenende um und die Temperaturen sinken. Laut Deutschem Wetterdienst sind Starkregen, Hagel und Sturmböen möglich.",https://www.zeit.de/gesellschaft/2026-07/gewitter-wetterumschwung-starkregen-hagel-hoehentief,https://img.zeit.de/gesellschaft/2026-07/gewitter-wetterumschwung-starkregen-hagel-hoehentief-foto-1/wide__1300x731,http://web.archive.org/web/20260716214110/https://www.zeit.de/gesellschaft/2026-07/gewitter-wetterumschwung-starkregen-hagel-hoehentief,"Zum Wochenende kommt ein Wetterumschwung mit kräftigen Gewittern auf Deutschland zu. Wie der Deutsche Wetterdienst (DWD) mitteilte, sollen zwei Regionen schwerpunktmäßig betroffen sein: der Norden un… [+1939 chars]",,"Gewitter und Wetterumschwung: Wetterumschwung zum Wochenende mit Hagel und Starkregen. Das Wetter schlägt zum Wochenende um und die Temperaturen sinken. Laut Deutschem Wetterdienst sind Starkregen, Hagel und Sturmböen möglich.","Thunderstorms and weather changes: Weather changes for the weekend with hail and heavy rain. The weather is changing for the weekend and the temperatures are dropping. According to the German Weather Service, heavy rain, hail and squalls are possible.","Tonitruum et tempestatum mutationes: Tempestas mutationes volutpat cum grandine et pluvia gravi. Tempestas mutatur propter volutpat ac temperaturas cadunt. Secundum Service Tempestatis Germanicae, pluviae, grandines et procellae fieri possunt.",2026-08-02 06:19:48+00:00
b480516f7bb509344a783aa74e679dcd,2026-07-17T03:50:36Z,'Unwettergefahr',www.zeit.de,de,0.9,Wetter: Gewitterstimmung im Freistaat - Starkregen und Hagel möglich,Hier finden Sie Informationen zu dem Thema „Wetter“. Lesen Sie jetzt „Gewitterstimmung im Freistaat - Starkregen und Hagel möglich“.,https://www.zeit.de/news/2026-07/17/gewitterstimmung-im-freistaat-starkregen-und-hagel-moeglich,https://img.zeit.de/news/2026-07/17/gewitterstimmung-im-freistaat-starkregen-und-hagel-moeglich-image-group/wide__1300x731,http://web.archive.org/web/20260717095528/https://www.zeit.de/news/2026-07/17/gewitterstimmung-im-freistaat-starkregen-und-hagel-moeglich,Die Gewitterstimmung mit schwülwarmem Wetter und örtlich heftigen Unwettern bleibt den Menschen erhalten. Auch heute warnt der Deutsche Wetterdienst (DWD) vor örtlich teils heftigen Gewittern. Betrof… [+780 chars],,Wetter: Gewitterstimmung im Freistaat - Starkregen und Hagel möglich. Hier finden Sie Informationen zu dem Thema „Wetter“. Lesen Sie jetzt „Gewitterstimmung im Freistaat - Starkregen und Hagel möglich“.,Weather: Thunderstorm atmosphere in the Free State - heavy rain and hail possible. Here you will find information on the subject of “weather”. Now read “Stormy mood in the Free State - heavy rain and hail possible”.,"Tempestas: atmosphaera Tonitruum in Civitate Libera - pluviae et grandines graves fieri possunt. Hic invenies informationes de ""tempestate"". Nunc lege ""Modus procellarum in re publica libera - imber et grando gravis"".",2026-08-02 06:19:48+00:00
58e6bd9a3838764b71949e3a16723d0a,2026-07-27T03:52:27Z,'Unwettergefahr',www.bild.de,de,0.9,So extrem wird die neue Hitzewelle - Glut-Tage stehen in den Startlöchern,Deutschland droht ab Dienstag extreme Hitze mit über 40 Grad und Unwettergefahr.,https://www.bild.de/news/wetter/glut-tage-stehen-in-den-startloechern-so-extrem-wird-die-neue-hitzewelle-6a65d575e4e0a5362b8fc058,"https://images.bild.de/6a65d575e4e0a5362b8fc058/19a7a08697aeaabb09738a3912624ae2,d109733d?w=1280",http://web.archive.org/web/20260728170427/https://www.bild.de/news/wetter/glut-tage-stehen-in-den-startloechern-so-extrem-wird-die-neue-hitzewelle-6a65d575e4e0a5362b8fc058,TTS-Player überspringenArtikel weiterlesenDiese Woche wird extrem: Ab morgen steigen die Temperaturen jeden Tag an! Eine neue Hitzewelle steht bevor und die 40-Grad-Marke könnte fallen. Wo es in Deut… [+2995 chars],,So extrem wird die neue Hitzewelle - Glut-Tage stehen in den Startlöchern. Deutschland droht ab Dienstag extreme Hitze mit über 40 Grad und Unwettergefahr.,"This is how extreme the new heat wave will be - glowing days are just around the corner. From Tuesday, Germany is threatened with extreme heat of over 40 degrees and the risk of storms.","Hoc est, quam extremus novus calor fluctus erit - fervida dies circa angulum iusta sunt. Die Martis, Germania maximo calore 40 graduum et tempestatum periculo imminet.",2026-08-02 06:19:48+00:00
067daeb73efa1db68cacca1754cc00a9,2026-07-29T09:31:18Z,'Unwettergefahr',www.tagesspiegel.de,de,0.9,Wetter-Vorhersage: Höhepunkt der Hitzewelle naht - bis 39 Grad und Sturmböen,"Es wird sehr heiß, doch das ist nicht alles: Der Deutsche Wetterdienst warnt zugleich vor Unwettergefahr und kräftigen Gewittern, besonders im Norden.",https://www.tagesspiegel.de/gesellschaft/panorama/wetter-vorhersage-hohepunkt-der-hitzewelle-naht-bis-39-grad-und-sturmboen-15892661.html,https://www.tagesspiegel.de/images/15892660/alternates/BASE_16_9_W1400/1785317478000/hitze.jpeg,http://web.archive.org/web/20260730172835/https://www.tagesspiegel.de/gesellschaft/panorama/wetter-vorhersage-hohepunkt-der-hitzewelle-naht-bis-39-grad-und-sturmboen-15892661.html,"Mit stellenweise fast 40 Grad steht Deutschland am Donnerstag der heißeste Tag der aktuellen Hitzewelle bevor. Die Temperaturen steigen auf 26 bis 31 Grad an der See, sonst auf 32 bis 39 Grad, wie de… [+2180 chars]",,"Wetter-Vorhersage: Höhepunkt der Hitzewelle naht - bis 39 Grad und Sturmböen. Es wird sehr heiß, doch das ist nicht alles: Der Deutsche Wetterdienst warnt zugleich vor Unwettergefahr und kräftigen Gewittern, besonders im Norden.","Weather forecast: The peak of the heat wave is approaching - up to 39 degrees and squalls. It will be very hot, but that's not all: The German Weather Service is also warning of the risk of severe weather and strong thunderstorms, especially in the north.","Tempestas praenuntiet: Vertex caloris fluctus appropinquat - usque ad 39 gradus et procellis. Calefactum erit, sed non omnes: Tempestas Service Germanorum etiam denuntiat de periculo tempestatum gravium et tonitruum vehementium, praesertim in septentrione.",2026-08-02 06:19:48+00:00
034e6cc400d9933b199daf1b420dff12,2026-07-29T10:50:05Z,'Unwettergefahr',www.faz.net,de,0.9,Unwettergefahr: Höhepunkt der Hitzewelle naht – bis 39 Grad und Sturmböen,"Der Donnerstag wird der heißeste Tag der aktuellen Hitzewelle. Der Deutsche Wetterdienst warnt zugleich vor kräftigen Gewittern und orkanartigen Böen, besonders in einer Region.",https://www.faz.net/aktuell/gesellschaft/neue-hitzewelle-deutsche-wetterdienste-warnen-vor-unwettergefahr-und-39-grad-accg-201076021.html,https://media0.faz.net/image/w1200h627/b63266d5e9cb/w5585h2918x258y1004o/202607/43601.0.2378464556/die-hitzewelle-bringt-nicht.webp,http://web.archive.org/web/20260730015350/https://www.faz.net/aktuell/gesellschaft/neue-hitzewelle-deutsche-wetterdienste-warnen-vor-unwettergefahr-und-39-grad-accg-201076021.html,"Mit stellenweise fast 40 Grad steht Deutschland am Donnerstag der heißeste Tag der aktuellen Hitzewelle bevor. Die Temperaturen steigen auf 26 bis 31 Grad an der See, sonst auf 32 bis 39 Grad, wie de… [+2047 chars]",,"Unwettergefahr: Höhepunkt der Hitzewelle naht – bis 39 Grad und Sturmböen. Der Donnerstag wird der heißeste Tag der aktuellen Hitzewelle. Der Deutsche Wetterdienst warnt zugleich vor kräftigen Gewittern und orkanartigen Böen, besonders in einer Region.","Danger of severe weather: The peak of the heat wave is approaching - up to 39 degrees and squalls. Thursday will be the hottest day of the current heat wave. The German Weather Service also warns of strong thunderstorms and hurricane-like gusts, especially in one region.","Periculo tempestatis gravis: Vertex aestus appropinquat fluctus - usque ad 39 gradus et procellis. Diei Iovis calidissimus erit dies currentis aestus. Ministerium Tempestatis Germanicae etiam admonet de procellis vehementibus tonitribus et procellae, praesertim in una regione.",2026-08-02 06:19:48+00:00
1baa97d75d88add0c308fa403795efe2,2026-07-31T09:37:16Z,'Unwettergefahr',www.tagesspiegel.de,de,0.9,Wetter-Vorhersage: Wieder Blitz und Donner - danach vorerst kühler,"Erst Unwettergefahr, dann ist Zeit zum Durchatmen und Durchlüften. Aber nicht lange, denn neuerliche Hitze ist laut Deutschem Wetterdienst (DWD) in Sicht.",https://www.tagesspiegel.de/gesellschaft/panorama/wetter-vorhersage-wieder-blitz-und-donner-danach-vorerst-kuhler-15901019.html,https://www.tagesspiegel.de/images/15901018/alternates/BASE_16_9_W1400/1785490636000/unwetter-in-schleswig-holstein.jpeg,http://web.archive.org/web/20260801153357/https://www.tagesspiegel.de/gesellschaft/panorama/wetter-vorhersage-wieder-blitz-und-donner-danach-vorerst-kuhler-15901019.html,"Gewitter mit Unwetterpotenzial wird es nach der Vorhersage des Deutschen Wetterdiensts (DWD) auch heute geben. Drei Schwerpunkte zeichneten sich ab, in denen es ab dem Nachmittag Blitz und Donner geb… [+1538 chars]",,"Wetter-Vorhersage: Wieder Blitz und Donner - danach vorerst kühler. Erst Unwettergefahr, dann ist Zeit zum Durchatmen und Durchlüften. Aber nicht lange, denn neuerliche Hitze ist laut Deutschem Wetterdienst (DWD) in Sicht.","Weather forecast: Lightning and thunder again - cooler for now. First there is a risk of storms, then there is time to take a deep breath and ventilate. But not for long, because new heat is in sight, according to the German Weather Service (DWD).","Tempestas praenuntiet: Iterum fulgur et tonitrua - frigidior Thracam pro nunc. Primum tempestatum periculum est, deinde tempus altum flatum ventilare. Sed non diu, quia novus calor in visu est, secundum servitii Tempestatis Germanicae (DWD).",2026-08-02 06:19:48+00:00
13886470080cb2b7b97ad93dd5fffdba,2026-07-21T07:09:51Z,'Unwetter Regen',www.tagesschau.de,de,0.8,Chile ruft nach schweren Unwettern den Katastrophenzustand aus,Es sind die schlimmsten Unwetter seit Jahrzehnten: In Chile kamen infolge heftiger Regenfälle mindestens zehn Menschen ums Leben. 150.000 Menschen sind ohne Strom. Das ganze Ausmaß der Schäden lässt sich noch nicht abschätzen.,https://www.tagesschau.de/ausland/amerika/chile-katastrophenzustand-unwetter-100.html,https://images.tagesschau.de/image/d9b48111-29dc-4130-9a65-894a11e5b64c/AAABn4M-TJM/AAABnSSvrFg/16x9-big/chile-290.jpg?width=1280,http://web.archive.org/web/20260722013314/https://www.tagesschau.de/ausland/amerika/chile-katastrophenzustand-unwetter-100.html,"Stand: 21.07.2026 09:09 Uhr
Es sind die schlimmsten Unwetter seit Jahrzehnten: In Chile kamen infolge heftiger Regenfälle mindestens zehn Menschen ums Leben. 150.000 Menschen sind ohne Strom. Das ga… [+1933 chars]",,Chile ruft nach schweren Unwettern den Katastrophenzustand aus. Es sind die schlimmsten Unwetter seit Jahrzehnten: In Chile kamen infolge heftiger Regenfälle mindestens zehn Menschen ums Leben. 150.000 Menschen sind ohne Strom. Das ganze Ausmaß der Schäden lässt sich noch nicht abschätzen.,"Chile declares a state of disaster after severe storms. These are the worst storms in decades: At least ten people died in Chile as a result of heavy rain. 150,000 people are without electricity. The full extent of the damage cannot yet be estimated.","Chile statum calamitatis post graves tempestates declarat. Hae procellae pessimae sunt in decenniis: Saltem decem homines in Chilia mortui sunt propter pluviam gravem. 150,000 hominum electricitate carent. Amplitudo damni nondum aestimari potest.",2026-08-02 15:41:42+00:00
4a2256c5681f56a8ac6bb114494a370a,2026-07-17T07:00:48Z,'Unwetter Regen',www.bild.de,de,0.8,Schäden in Millionenhöhe - Unwetter fegt über Baden-Würrtemberg,"Orkanböen, flutartiger Regen und meterhoher Hagel: Heftige Unwetter haben den Südwesten Deutschlands mit voller Wucht getroffen.",https://www.bild.de/news/gewitter-hagel-starkregen-superzelle-fegt-ueber-baden-wuerttemberg-6a59cd46bb3fbf9dba9873fe,"https://images.bild.de/6a59cd46bb3fbf9dba9873fe/6a861d5ab27bff1b9e2058386645ab0e,a13df5a?w=1280",http://web.archive.org/web/20260717211732/https://www.bild.de/news/gewitter-hagel-starkregen-superzelle-fegt-ueber-baden-wuerttemberg-6a59cd46bb3fbf9dba9873fe,"Mehr zum Video anzeigen 
Orkanböen, flutartiger Regen und meterhoher Hagel: Heftige Unwetter haben den Südwesten Deutschlands mit voller Wucht getroffen. 
Quelle: DPA, NonstopNews17.07.2026 - 09:00… [+3 chars]",,"Schäden in Millionenhöhe - Unwetter fegt über Baden-Würrtemberg. Orkanböen, flutartiger Regen und meterhoher Hagel: Heftige Unwetter haben den Südwesten Deutschlands mit voller Wucht getroffen.","Damage running into millions - storms sweep across Baden-Württemberg. Hurricane gusts, torrential rain and metre-high hail: violent storms hit southwest Germany with full force.","Damnum in decies centena millia currentem - tempestates trans Baden-Württembergam verrunt. Procellae procellae, imbres torrentes et grandines metri altae: procellae vehementes Germaniam ad meridiem et occidentem plena vi feriunt.",2026-08-03 11:59:13+00:00
e1500da477241ccca87a6ddc4de7de08,2026-07-14T00:00:04Z,'Unwettergefahr',www.zeit.de,de,0.9,Wetterprognose: DWD erwartet kräftige Gewitter mit Unwettergefahr,Hier finden Sie Informationen zu dem Thema „Wetterprognose“. Lesen Sie jetzt „DWD erwartet kräftige Gewitter mit Unwettergefahr“.,https://www.zeit.de/news/2026-07/14/dwd-erwartet-kraeftige-gewitter-mit-unwettergefahr,https://img.zeit.de/news/2026-07/14/dwd-erwartet-kraeftige-gewitter-mit-unwettergefahr-image-group/wide__1300x731,,"Der Deutsche Wetterdienst (DWD) warnt für heute vor Unwetter in Teilen Deutschlands. In der Mitte und im Süden seien teils kräftige Gewitter mit Unwettergefahr möglich, teilte der DWD mit. Im Westen … [+894 chars]",,Wetterprognose: DWD erwartet kräftige Gewitter mit Unwettergefahr. Hier finden Sie Informationen zu dem Thema „Wetterprognose“. Lesen Sie jetzt „DWD erwartet kräftige Gewitter mit Unwettergefahr“.,Weather forecast: DWD expects strong thunderstorms with a risk of severe weather. Here you will find information on the topic of “weather forecast”. Now read “DWD expects strong thunderstorms with a risk of severe weather”.,"Tempestas praenuntietur: DWD exspectat procellas validas cum periculo tempestatis gravis. Hic informationes invenies in argumento ""tempestatis praesagio"". Nunc lege ""DWD cum periculo tempestatis gravis exspectat procellas validas"".",2026-08-06 06:13:07+00:00
f30bdedbd473d3d5add51b99bb37ee0b,2026-07-14T04:07:36Z,'Starkregen',www.zeit.de,de,0.9,Wetter: Es bleibt heiß - Unwetter mit Starkregen und Hagel möglich,Hier finden Sie Informationen zu dem Thema „Wetter“. Lesen Sie jetzt „Es bleibt heiß - Unwetter mit Starkregen und Hagel möglich“.,https://www.zeit.de/news/2026-07/14/es-bleibt-heiss-unwetter-mit-starkregen-und-hagel-moeglich,https://img.zeit.de/news/2026-07/14/es-bleibt-heiss-unwetter-mit-starkregen-und-hagel-moeglich-image-group/wide__1300x731,http://web.archive.org/web/20260715015224/https://www.zeit.de/news/2026-07/14/es-bleibt-heiss-unwetter-mit-starkregen-und-hagel-moeglich,"Die Menschen in Rheinland-Pfalz und dem Saarland erwartet heiteres und oft sonniges Wetter. Wie der Deutsche Wetterdienst (DWD) in Offenbach am Main mitteilte, sind ab dem Mittag gebietsweise Schauer… [+1001 chars]",,Wetter: Es bleibt heiß - Unwetter mit Starkregen und Hagel möglich. Hier finden Sie Informationen zu dem Thema „Wetter“. Lesen Sie jetzt „Es bleibt heiß - Unwetter mit Starkregen und Hagel möglich“.,Weather: It remains hot - storms with heavy rain and hail are possible. Here you will find information on the topic of “weather”. Now read “It stays hot - storms with heavy rain and hail possible”.,"Tempestas: Restat calidum - procellae cum pluvia et grandine possibilia sunt. Hic informationes invenies in argumento ""tempestatis"". Nunc lege ""Habitat calidas - tempestates cum pluvia et grandine fieri"".",2026-08-06 06:13:07+00:00
b4e810eb8225bd26638bf00a19c506b7,2026-07-15T06:46:04Z,'Starkregen',www.zeit.de,de,0.9,Hagel und Starkregen: Unwetter: Überflutete Straßen und Stromausfall in Reutlingen,Hier finden Sie Informationen zu dem Thema „Hagel und Starkregen“. Lesen Sie jetzt „Unwetter: Überflutete Straßen und Stromausfall in Reutlingen“.,https://www.zeit.de/news/2026-07/15/unwetter-ueberflutete-strassen-und-stromausfall-in-reutlingen,https://img.zeit.de/news/2026-07/15/unwetter-ueberflutete-strassen-und-stromausfall-in-reutlingen-image-group/wide__1300x731,http://web.archive.org/web/20260715125622/https://www.zeit.de/news/2026-07/15/unwetter-ueberflutete-strassen-und-stromausfall-in-reutlingen,Ein schweres Unwetter mit Hagel hat am frühen Morgen in Reutlingen Straßen überflutet und einen stundenlangen Einsatz von Feuerwehr und Polizei ausgelöst. Zudem fiel in Teilen des Stadtgebiets vorübe… [+750 chars],,Hagel und Starkregen: Unwetter: Überflutete Straßen und Stromausfall in Reutlingen. Hier finden Sie Informationen zu dem Thema „Hagel und Starkregen“. Lesen Sie jetzt „Unwetter: Überflutete Straßen und Stromausfall in Reutlingen“.,Hail and heavy rain: Storms: flooded streets and power outage in Reutlingen. Here you will find information on the topic of “Hail and heavy rain”. Read “Severe Weather: Flooded Streets and Power Outage in Reutlingen” now.,"Ave et gravis pluvia: Procellae: inundatae plateae et potentia eu in Reutlingen. Hic informationes invenies in argumento ""Ave et pluviae gravis"". Lege ""Tempestas gravis: plateae inundatae et potentia Outage in Reutlingen"" nunc.",2026-08-06 06:13:07+00:00
91073be6123d170ab99ab04f0216c356,2026-07-15T16:48:23Z,'Starkregen',www.zeit.de,de,0.9,Unfälle: Auto überschlägt sich bei Starkregen mehrfach auf A81,Hier finden Sie Informationen zu dem Thema „Unfälle“. Lesen Sie jetzt „Auto überschlägt sich bei Starkregen mehrfach auf A81“.,https://www.zeit.de/news/2026-07/15/auto-ueberschlaegt-sich-bei-starkregen-mehrfach-auf-a81,https://img.zeit.de/news/2026-07/15/auto-ueberschlaegt-sich-bei-starkregen-mehrfach-auf-a81-image-group/wide__1300x731,http://web.archive.org/web/20260715185505/https://www.zeit.de/news/2026-07/15/auto-ueberschlaegt-sich-bei-starkregen-mehrfach-auf-a81,Bei einem Unfall auf der Autobahn 81 zwischen dem Autobahnkreuz Hegau und Singen (Landkreis Konstanz) hat sich ein Auto mehrfach überschlagen. Die 44 Jahre alte Fahrerin war am Nachmittag in Richtung… [+445 chars],,Unfälle: Auto überschlägt sich bei Starkregen mehrfach auf A81. Hier finden Sie Informationen zu dem Thema „Unfälle“. Lesen Sie jetzt „Auto überschlägt sich bei Starkregen mehrfach auf A81“.,Accidents: Car rolls over several times on A81 in heavy rain. Here you will find information on the topic of “accidents”. Now read “Car rolls over several times on A81 in heavy rain”.,"Accidentia: Car volvitur pluries in A81 in pluvia gravi. Hic informationes invenies in argumento ""accidentium"". Nunc legitur ""Car volvitur pluries in A81 in pluvia gravis"".",2026-08-06 06:13:07+00:00
605c8eb8ff2c5234a6f02ae97ced7e5d,2026-07-15T18:59:47Z,'Starkregen',www.zeit.de,de,0.9,Gewitter und Starkregen: 17 Feuerwehreinsätze in Reutlingen wegen Unwetters,Hier finden Sie Informationen zu dem Thema „Gewitter und Starkregen“. Lesen Sie jetzt „17 Feuerwehreinsätze in Reutlingen wegen Unwetters“.,https://www.zeit.de/news/2026-07/15/17-feuerwehreinsaetze-in-reutlingen-wegen-unwetters,https://img.zeit.de/news/2026-07/15/17-feuerwehreinsaetze-in-reutlingen-wegen-unwetters-image-group/wide__1300x731,http://web.archive.org/web/20260715214418/https://www.zeit.de/news/2026-07/15/17-feuerwehreinsaetze-in-reutlingen-wegen-unwetters,Wegen eines Gewitters mit Starkregen musste die Feuerwehr in Reutlingen am späten Nachmittag und Abend 17 Mal ausrücken. Bei den Einsätzen handelte es sich hauptsächlich um voll gelaufene Keller sowi… [+651 chars],,Gewitter und Starkregen: 17 Feuerwehreinsätze in Reutlingen wegen Unwetters. Hier finden Sie Informationen zu dem Thema „Gewitter und Starkregen“. Lesen Sie jetzt „17 Feuerwehreinsätze in Reutlingen wegen Unwetters“.,Thunderstorms and heavy rain: 17 fire brigade operations in Reutlingen due to storms. Here you will find information on the topic of “thunderstorms and heavy rain”. Now read “17 fire brigade operations in Reutlingen due to storms”.,"Tonitruum et pluviarum gravis: 17 LEGIO ignis in Reutlingen ob procellas. Hic informationes invenies in argumento ""tonitruum et pluviae gravis"". Nunc legitur ""XVII ignis LEGIO operationes in Reutlingen propter procellas"".",2026-08-06 06:13:07+00:00
ef8b2db013a2f94646530d6d88d7ac90,2026-07-16T04:14:23Z,'Starkregen',www.zeit.de,de,0.9,Wetter: Gewitter und Starkregen – Unwetter am Freitag möglich,Hier finden Sie Informationen zu dem Thema „Wetter“. Lesen Sie jetzt „Gewitter und Starkregen – Unwetter am Freitag möglich“.,https://www.zeit.de/news/2026-07/16/gewitter-und-starkregen-unwetter-am-freitag-moeglich,https://img.zeit.de/news/2026-07/16/gewitter-und-starkregen-unwetter-am-freitag-moeglich-image-group/wide__1300x731,http://web.archive.org/web/20260716051110/https://www.zeit.de/news/2026-07/16/gewitter-und-starkregen-unwetter-am-freitag-moeglich,"In Sachsen kommt es am Donnerstag vereinzelt zu Gewittern, Starkregen und Sturmböen. Diese kommen jedoch nur lokal begrenzt ab dem Mittag im Bergland und der Oberlausitz vor, heißt es vom Deutschen W… [+834 chars]",,Wetter: Gewitter und Starkregen – Unwetter am Freitag möglich. Hier finden Sie Informationen zu dem Thema „Wetter“. Lesen Sie jetzt „Gewitter und Starkregen – Unwetter am Freitag möglich“.,Weather: Thunderstorms and heavy rain – storms possible on Friday. Here you will find information on the topic of “weather”. Now read “Thunderstorms and heavy rain – severe weather possible on Friday”.,"Tempestas: Tonitruum et pluviae graves - die Veneris procellae fieri possunt. Hic informationes invenies in argumento ""tempestatis"". Nunc lege ""Procellae et pluviae graves - diebus Veneris in gravibus tempestatibus possibilis"".",2026-08-06 06:13:07+00:00
477035491907cfdf6d28b59c67e77597,2026-07-17T03:44:00Z,'Starkregen',www.zeit.de,de,0.9,DWD-Prognose: Neue Unwetter in Sicht: Starkregen und Hagel möglich,Hier finden Sie Informationen zu dem Thema „DWD-Prognose“. Lesen Sie jetzt „Neue Unwetter in Sicht: Starkregen und Hagel möglich“.,https://www.zeit.de/news/2026-07/17/neue-unwetter-in-sicht-starkregen-und-hagel-moeglich,https://img.zeit.de/news/2026-07/17/neue-unwetter-in-sicht-starkregen-und-hagel-moeglich-image-group/wide__1300x731,http://web.archive.org/web/20260717195039/https://www.zeit.de/news/2026-07/17/neue-unwetter-in-sicht-starkregen-und-hagel-moeglich,"Die Superzelle über Ulm hat sich gerade erst aufgelöst, da droht Baden-Württemberg heute bereits die nächste Unwetterlage. Im Tagesverlauf ziehen laut Deutschem Wetterdienst (DWD) erneut kräftige Gew… [+752 chars]",,DWD-Prognose: Neue Unwetter in Sicht: Starkregen und Hagel möglich. Hier finden Sie Informationen zu dem Thema „DWD-Prognose“. Lesen Sie jetzt „Neue Unwetter in Sicht: Starkregen und Hagel möglich“.,DWD forecast: New storms in sight: heavy rain and hail possible. Here you will find information on the topic of “DWD forecast”. Now read “New storms in sight: heavy rain and hail possible”.,"DWD forecast: Novae tempestates in sight: graves pluviae et grandines fieri possunt. Hic informationes invenies in argumento ""DWD praecognoscendi"". Nunc lego ""Novae procellae in conspectu: pluviae et grandines fieri possunt"".",2026-08-06 06:13:07+00:00
1bdbc162bdad4ffde41b9d9c4d44823e,2026-07-20T11:14:02Z,'Starkregen',www.zeit.de,de,0.9,Obstanbau: Hitze und Starkregen: So groß wird die Erdbeerernte 2026,Hier finden Sie Informationen zu dem Thema „Obstanbau“. Lesen Sie jetzt „Hitze und Starkregen: So groß wird die Erdbeerernte 2026“.,https://www.zeit.de/news/2026-07/20/hitze-und-starkregen-so-gross-wird-die-erdbeerernte-2026,https://img.zeit.de/news/2026-07/20/hitze-und-starkregen-so-gross-wird-die-erdbeerernte-2026-image-group/wide__1300x731,http://web.archive.org/web/20260720121331/https://www.zeit.de/news/2026-07/20/hitze-und-starkregen-so-gross-wird-die-erdbeerernte-2026,Trotz Extremwetterlagen können die Erdbeeranbauer in diesem Jahr laut Statistischem Landesamt zufrieden sein: Schätzungsweise rund 24.900 Tonnen Erdbeeren werden in dieser Saison geerntet - zuletzt l… [+1201 chars],,Obstanbau: Hitze und Starkregen: So groß wird die Erdbeerernte 2026. Hier finden Sie Informationen zu dem Thema „Obstanbau“. Lesen Sie jetzt „Hitze und Starkregen: So groß wird die Erdbeerernte 2026“.,Fruit cultivation: Heat and heavy rain: This is how big the strawberry harvest will be in 2026. You can find information on the topic of “fruit cultivation” here. Now read “Heat and heavy rain: This is how big the strawberry harvest will be in 2026”.,"Fructus culturae: Calor et pluvia gravis: Haec est quam magna fragum messis in 2026. Te invenire potes de argumento ""fructus culturae"" hic. Nunc lege ""aestus et imber gravis: Haec quanta erit messis fragum in MMXXVI"".",2026-08-06 06:13:07+00:00
a420a51219c5e5183a3c47b766e26e33,2026-07-22T08:24:36Z,'Starkregen',www.zeit.de,de,0.9,Untersuchung zu Riedlingen: Hangrutsch nach Starkregen löste tödliches Zugunglück aus,Hier finden Sie Informationen zu dem Thema „Untersuchung zu Riedlingen“. Lesen Sie jetzt „Hangrutsch nach Starkregen löste tödliches Zugunglück aus“.,https://www.zeit.de/news/2026-07/22/hangrutsch-nach-starkregen-loeste-toedliches-zugunglueck-aus,https://img.zeit.de/news/2026-07/22/hangrutsch-nach-starkregen-loeste-toedliches-zugunglueck-aus-image-group/wide__1300x731,http://web.archive.org/web/20260723041000/https://www.zeit.de/news/2026-07/22/hangrutsch-nach-starkregen-loeste-toedliches-zugunglueck-aus,"Knapp ein Jahr nach dem Zugunglück von Riedlingen mit drei Toten und zahlreichen Verletzten ist die Ursache geklärt. Der Unfall sei durch einen Hangrutsch infolge von Starkregen ausgelöst worden, hei… [+3520 chars]",,Untersuchung zu Riedlingen: Hangrutsch nach Starkregen löste tödliches Zugunglück aus. Hier finden Sie Informationen zu dem Thema „Untersuchung zu Riedlingen“. Lesen Sie jetzt „Hangrutsch nach Starkregen löste tödliches Zugunglück aus“.,Investigation into Riedlingen: Landslide after heavy rain caused fatal train accident. Here you will find information on the topic “Investigation into Riedlingen”. Now read “Landslide after heavy rain caused fatal train accident”.,"Investigatio in Riedlingen: Landslide post pluvias graves casus tramen funestum effecit. Hic informationes invenies de argumento ""Investigationis in Riedlingen"". Nunc legitur ""LAPSUS post pluvias graves casus exitiale fecit"".",2026-08-06 06:13:07+00:00
daed24b0503767249a2c02c66617b365,2026-07-22T09:03:07Z,'Starkregen',www.zeit.de,de,0.9,Zugunglück bei Riedlingen: Hangrutsch nach Starkregen löste tödliches Zugunglück aus,Rund ein Jahr nach dem Zugunglück von Riedlingen mit drei Toten haben Ermittler die Ursache bestätigt worden. Der Unfall wurde demnach von einem Hangrutsch ausgelöst.,https://www.zeit.de/gesellschaft/zeitgeschehen/2026-07/zugunglueck-riedlingen-baden-wuerttemberg-hangrutsch-ursache,https://img.zeit.de/gesellschaft/zeitgeschehen/2026-07/zugunglueck-riedlingen-baden-wuerttemberg-hangrutsch-ursache-foto-1/wide__1300x731,,Der Unfall von Riedlingen im vergangenen Jahr ist durch einen Hangrutsch infolge von Starkregen ausgelöst worden. Das teilte die Bundesstelle für Eisenbahnunfalluntersuchung in Bonn in einem Bericht … [+1457 chars],,Zugunglück bei Riedlingen: Hangrutsch nach Starkregen löste tödliches Zugunglück aus. Rund ein Jahr nach dem Zugunglück von Riedlingen mit drei Toten haben Ermittler die Ursache bestätigt worden. Der Unfall wurde demnach von einem Hangrutsch ausgelöst.,"Train accident near Riedlingen: Landslide after heavy rain caused fatal train accident. Around a year after the Riedlingen train accident with three deaths, investigators have confirmed the cause. The accident was therefore caused by a landslide.",Traininum casus prope Riedlingen: Landslide cum pluvia gravi casus tramen funestum effecit. Circa annum postquam Riedlingen traminis casus cum tribus mortibus inquisitores causam confirmaverunt. Accidens igitur ex lapsu causatus est.,2026-08-06 06:13:07+00:00
6184972e7c2b545e57e3674b7769b867,2026-07-23T08:39:59Z,'Starkregen',www.zeit.de,de,0.9,Starkregen: Bisher 72 Tote in diesjähriger Monsunzeit in Pakistan,Hier finden Sie Informationen zu dem Thema „Starkregen“. Lesen Sie jetzt „Bisher 72 Tote in diesjähriger Monsunzeit in Pakistan“.,https://www.zeit.de/news/2026-07/23/bisher-72-tote-in-diesjaehriger-monsunzeit-in-pakistan,https://img.zeit.de/news/2026-07/23/bisher-72-tote-in-diesjaehriger-monsunzeit-in-pakistan-image-group/wide__1300x731,http://web.archive.org/web/20260723231827/https://www.zeit.de/news/2026-07/23/bisher-72-tote-in-diesjaehriger-monsunzeit-in-pakistan,"Infolge schwerer Monsunregenfälle sind in Pakistan seit Ende Juni nach offiziellen Angaben bereits 72 Menschen zu Tode gekommen. Darunter seien 30 Kinder, insgesamt 187 Menschen seien zudem verletzt … [+1339 chars]",,Starkregen: Bisher 72 Tote in diesjähriger Monsunzeit in Pakistan. Hier finden Sie Informationen zu dem Thema „Starkregen“. Lesen Sie jetzt „Bisher 72 Tote in diesjähriger Monsunzeit in Pakistan“.,Heavy rain: 72 deaths so far in this year's monsoon season in Pakistan. Here you will find information on the topic of “heavy rain”. Now read “72 dead so far in this year’s monsoon season in Pakistan”.,"Imber gravis: 72 funera tantum temporis huius anni in Pakistania. Hic informationes invenies in argumento ""pluviae gravis"". Nunc legitur ""72 tempus in Pakistania tantum mortuum esse hoc anno"".",2026-08-06 06:13:07+00:00
8990761d799567832ec5fd93f29abb89,2026-07-24T13:59:51Z,'Starkregen',www.zeit.de,de,0.9,Nach Starkregen in Nürnberg: Schule stark beschädigt - kein Unterricht im neuen Schuljahr,Hier finden Sie Informationen zu dem Thema „Nach Starkregen in Nürnberg“. Lesen Sie jetzt „Schule stark beschädigt - kein Unterricht im neuen Schuljahr“.,https://www.zeit.de/news/2026-07/24/schule-stark-beschaedigt-kein-unterricht-im-neuen-schuljahr,https://img.zeit.de/news/2026-07/24/schule-stark-beschaedigt-kein-unterricht-im-neuen-schuljahr-image-group/wide__1300x731,http://web.archive.org/web/20260724150534/https://www.zeit.de/news/2026-07/24/schule-stark-beschaedigt-kein-unterricht-im-neuen-schuljahr,"Eine Schule in Nürnberg ist nach Starkregen so stark beschädigt, dass dort kein Unterricht stattfinden kann. Die Stadt sucht derzeit nach einer Lösung, wo und wie die Kinder im kommenden Schuljahr ab… [+1070 chars]",,Nach Starkregen in Nürnberg: Schule stark beschädigt - kein Unterricht im neuen Schuljahr. Hier finden Sie Informationen zu dem Thema „Nach Starkregen in Nürnberg“. Lesen Sie jetzt „Schule stark beschädigt - kein Unterricht im neuen Schuljahr“.,After heavy rain in Nuremberg: School badly damaged - no classes in the new school year. Here you will find information on the topic “After heavy rain in Nuremberg”. Now read “School badly damaged – no classes in the new school year”.,"Post pluviam in Nuremberga: Schola male vexata - nullae classes in novo scholae anno. Hic informationes invenies de argumento ""Post pluviam in Nuremberg"". Nunc lege ""Schola male laeditur - nulla classes in novo schola anno"".",2026-08-06 06:13:07+00:00
f9416f91e7b171b8a6dd2508c9327c8f,2026-07-29T05:30:19Z,'Starkregen',www.zeit.de,de,0.9,Wetter: Bis zu 39 Grad – dazu drohen Gewitter mit Starkregen,Hier finden Sie Informationen zu dem Thema „Wetter“. Lesen Sie jetzt „Bis zu 39 Grad – dazu drohen Gewitter mit Starkregen“.,https://www.zeit.de/news/2026-07/29/bis-zu-39-grad-dazu-drohen-gewitter-mit-starkregen,https://img.zeit.de/news/2026-07/29/bis-zu-39-grad-dazu-drohen-gewitter-mit-starkregen-image-group/wide__1300x731,http://web.archive.org/web/20260729065100/https://www.zeit.de/news/2026-07/29/bis-zu-39-grad-dazu-drohen-gewitter-mit-starkregen,"Bevor Unwetter Rheinland-Pfalz und das Saarland erreichen, wird es heute heiß und sonnig. Die Temperaturen liegen zwischen 33 und 38 Grad, wie der Deutsche Wetterdienst (DWD) mitteilt. Es weht ein sc… [+920 chars]",,Wetter: Bis zu 39 Grad – dazu drohen Gewitter mit Starkregen. Hier finden Sie Informationen zu dem Thema „Wetter“. Lesen Sie jetzt „Bis zu 39 Grad – dazu drohen Gewitter mit Starkregen“.,Weather: Up to 39 degrees - there is also the threat of thunderstorms with heavy rain. Here you will find information on the topic of “weather”. Now read “Up to 39 degrees – there is a threat of thunderstorms with heavy rain”.,"Tempestas: Usque ad XXXIX gradus - est etiam comminatio tonitruum cum pluvia grandi. Hic informationes invenies in argumento ""tempestatis"". Nunc lege ""Usque ad 39 gradus - comminatio tonitruum cum pluvia grandi"".",2026-08-06 06:13:07+00:00
