topic,sentiment_mean,sentiment_std,subjectivity_mean,subjectivity_std,counting
Hazard,0.06329884530918334,1.0575288695507445,-0.08214606690051789,0.8412636275508835,166.0
Impacts,0.21348816542367494,0.6597621514704731,0.6591689993970762,1.3836035334272465,39.0
Mitigation,-0.08298030772479587,0.9269593597565952,-0.15464866007459455,0.8273460761321154,115.0
