topic,sentiment_mean,sentiment_std,subjectivity_mean,subjectivity_std,counting
Hazard,0.04339990913536467,0.9831457209868424,-0.035234378739152784,0.8722348733845288,386.0
Impacts,0.1479323714799901,0.874887911893757,0.30372274932396026,1.2540569888723463,84.0
Mitigation,-0.08803526482638808,0.9908157864033664,-0.10087192453965677,0.9500947204733463,190.0
