topic,sentiment_mean,sentiment_std,subjectivity_mean,subjectivity_std,counting
Hazard,0.13078978629009155,1.0497865197013068,-0.10049212539552296,0.8247779671887534,54.0
Impacts,0.15074008313092047,0.5060207869233985,0.8498024766967355,1.1231979585875203,16.0
Mitigation,-0.45835975642273913,0.6893222665838308,-0.32160720156066724,0.37689678968439283,11.0
