domain,sentiment_mean,sentiment_std,subjectivity_mean,subjectivity_std,counting
www.stern.de,-0.11018518518518516,0.11366056607212276,0.1865079365079365,0.2163481000099815,6.0
www.zeit.de,0.06999999999999999,0.3109662361093243,0.03333333333333333,0.05773502691896258,3.0
www.welt.de,0.019999999999999997,0.1697056274847714,0.0,0.0,2.0
www.faz.net,0.0,1.0,0.0,1.0,1.0
www.n-tv.de,0.0,1.0,0.0,1.0,1.0
www.sueddeutsche.de,0.0,1.0,0.0,1.0,1.0
