topic,sentiment_mean,sentiment_std,subjectivity_mean,subjectivity_std,counting
Hazard,0.06977867920353745,1.0461493144892327,-0.09330893038731423,0.8187603613941151,108.0
Impacts,0.2655940701704579,0.6618620789200708,0.5319892009057832,1.2673834169694438,36.0
Mitigation,-0.16916840771209826,0.9568322262484464,-0.20044770046177904,0.8790522414446192,62.0
