week,sentiment_mean,sentiment_std,subjectivity_mean,subjectivity_std,counting
2025-40,0.07415009954630587,0.4450278800713589,0.8381563715465006,1.2465833947387224,18.0
2025-41,-0.13877011841399378,1.2475763248305844,0.46095647308031523,1.1821739488157925,13.0
2025-42,0.10723095709130803,0.9564613507636764,-0.23373129483571073,0.8113536972493871,41.0
2025-43,0.20749317949085974,0.9122774893545214,-0.3090379222238173,0.5453701566106758,7.0
2025-44,-0.16437245970890121,1.0792072386761555,-0.038289186202253384,0.733984312916692,22.0
2025-45,-0.07537903365309802,0.7627009786896763,-0.33929945663851657,0.4816594790017543,12.0
2025-46,-0.47714040914135114,1.3077029765599144,-0.5,1.0,2.0
