week,sentiment_mean,sentiment_std,subjectivity_mean,subjectivity_std,counting
2025-40,0.009241377958114262,0.4850393692625179,0.7445111812794696,1.1829602496400338,18.0
2025-41,-0.08250482909623068,1.1912542121492373,0.35748685033899424,1.0991147423721268,13.0
2025-42,0.06783208874563634,0.9188771968441685,-0.2832227160060207,0.7282277958279026,38.0
2025-43,0.1888952772414038,0.8237973547230542,-0.3564762575587112,0.5871573224625,7.0
2025-44,-0.2348653533127749,1.0839593857073218,-0.0575270218433946,0.7065538003194153,20.0
2025-45,0.5802873441387735,0.7781855870354507,-0.5823993262416183,1.0,2.0
