topic,sentiment_mean,sentiment_std,subjectivity_mean,subjectivity_std,counting
Hazard,0.07690450217316508,1.0886833647785998,-0.07074374083341885,0.868381625537859,79.0
Impacts,0.2560552012553058,0.6781466011870403,0.40567846003632585,1.1214138763354948,34.0
Mitigation,-0.3705410553112366,0.7598443321603527,-0.25711163026067196,0.7230494922615697,15.0
