,phrase,label,sentiment,subjectivity,language,count,gnd,geonames,geotype,latitude,longitude,continent,country,ipcc
Dauerregen,Dauerregen,LOC,-0.04727921,0.00000000,de,112.10000000,,0,,,,,,
Deutschland,Deutschland,LOC,-0.10966161,0.12175838,de,105.40000000,4011882-4,2921044,A,51.50000000,10.50000000,EUROPE,Germany,WCE
Wochenanfang,Wochenanfang,LOC,-0.01590909,0.00000000,de,88.00000000,,0,,,,,,
Berlin,Berlin,LOC,-0.15612366,0.04994055,de,84.10000000,4005728-8,2950159,P,52.52437000,13.41053000,EUROPE,Germany,WCE
Starkregen,Starkregen,LOC,-0.16927083,0.02403846,de,83.20000000,,0,,,,,,
Brandenburg,Brandenburg,LOC,-0.11350899,0.07779172,de,79.70000000,4007955-7,2945356,A,52.45905000,13.01582000,EUROPE,Germany,WCE
Portugal,Portugal,LOC,0.01939655,0.02873563,de,69.60000000,4046843-4,2264397,A,39.69450000,-8.13057000,EUROPE-AFRICA,Portugal,MED
Deutschlands,Deutschlands,LOC,-0.18088737,0.17349261,de,58.60000000,,0,,,,,,
Spanien,Spanien,LOC,-0.03241650,0.03929273,de,50.90000000,4055964-6,2510769,A,40.00000000,-4.00000000,EUROPE-AFRICA,Spain,MED
Vietnam,Vietnam,LOC,-0.14436620,0.22300469,de,42.60000000,4063514-4,1562822,A,16.16667000,107.83333000,ASIA,Vietnam,SEA
Bayern,Bayern,LOC,-0.21757075,0.00000000,de,42.40000000,4005044-0,2951839,A,49.00000000,11.50000000,EUROPE,Germany,WCE
NRW,NRW,LOC,-0.14237856,0.08793970,de,39.80000000,4031483-2,2886242,P,50.93333000,6.95000000,EUROPE,Germany,WCE
Hessen,Hessen,LOC,0.01410256,0.04273504,de,39.00000000,4024729-6,2905330,A,50.55000000,9.00000000,EUROPE,Germany,WCE
Mexiko,Mexiko,LOC,-0.04815864,0.24079320,de,35.30000000,4039058-5,3996063,A,23.00000000,-102.00000000,CENTRAL-AMERICA,Mexico,NCA
Sturmböen,Sturmböen,LOC,-0.36013800,0.00000000,de,31.40000000,,0,,,,,,
Thüringen,Thüringen,LOC,-0.33722438,0.01297017,de,25.70000000,4059979-6,2822542,A,50.91667000,11.00000000,EUROPE,Germany,WCE
Baden-Württemberg,Baden-Württemberg,LOC,-0.15369650,0.07782101,de,25.70000000,4004176-1,2953481,A,48.50000000,9.00000000,EUROPE,Germany,WCE
Brandenburgs,Brandenburgs,LOC,0.06944444,0.01984127,de,25.20000000,,8181624,S,52.36213000,13.50168000,EUROPE,Germany,WCE
Kalifornien,Kalifornien,LOC,-0.15200000,0.02000000,de,25.00000000,4029307-5,11071615,L,34.68743000,-116.78467000,NORTH-AMERICA,United States,WNA
Sachsen-Anhalt,Sachsen-Anhalt,LOC,-0.25034578,0.02766252,de,24.10000000,4036934-1,2874545,P,52.13129000,11.63189000,EUROPE,Germany,WCE
Indonesien,Indonesien,LOC,-0.02542373,0.25423729,de,23.60000000,4026761-1,1643084,A,-5.00000000,120.00000000,ASIA,Indonesia,SEA
Sachsen,Sachsen,LOC,-0.34039548,0.02824859,de,23.60000000,4051181-9,2842565,A,52.00000000,11.73330000,EUROPE,Germany,WCE
Rheinland-Pfalz,Rheinland-Pfalz,LOC,-0.21906841,0.04366812,de,22.90000000,4049795-1,2847618,A,49.66667000,7.50000000,EUROPE,Germany,WCE
…,…,LOC,0.11893584,0.06259781,de,21.30000000,,0,,,,,,
Hawaii,Hawaii,LOC,-0.14622642,0.00000000,de,21.20000000,251184-8,5855797,A,20.78785000,-156.38612000,PACIFIC,United States,NPO
Washington,Washington,LOC,-0.21359223,0.00000000,de,20.60000000,4064682-8,4140963,P,38.89511000,-77.03637000,NORTH-AMERICA,United States,ENA
Italien,Italien,LOC,-0.15829146,0.05025126,de,19.90000000,4027833-5,3175395,A,42.83333000,12.83333000,EUROPE-AFRICA,Italy,MED
Ibiza,Ibiza,LOC,-0.19633508,0.10471204,de,19.10000000,4026432-4,6299339,S,38.87286000,1.37312000,EUROPE-AFRICA,Spain,MED
Niedersachsen,Niedersachsen,LOC,-0.32692308,0.02747253,de,18.20000000,4042226-4,2862926,A,52.83333000,9.16667000,EUROPE,Germany,WCE
Orkanböen,Orkanböen,LOC,-0.33529412,0.00000000,de,17.00000000,,0,,,,,,
Griechenland,Griechenland,LOC,0.03413655,0.04016064,de,16.60000000,4022047-3,390903,A,39.00000000,22.00000000,EUROPE-AFRICA,Greece,MED
Unwettergefahr,Unwettergefahr,LOC,-0.30303030,0.00000000,de,16.50000000,,0,,,,,,
Notstand,Notstand,LOC,-0.01863354,0.00000000,de,16.10000000,,0,,,,,,
Frankreich,Frankreich,LOC,-0.02173913,0.03105590,de,16.10000000,4018145-5,3017382,A,46.00000000,2.00000000,EUROPE,France,WCE
Saarland,Saarland,LOC,-0.10312500,0.00000000,de,16.00000000,4076919-7,2842635,A,49.40472000,6.96083000,EUROPE,Germany,WCE
Teneriffa,Teneriffa,LOC,0.12264151,0.18867925,de,15.90000000,4277900-5,2511174,P,28.46824000,-16.25462000,AFRICA,Spain,SAH
USA,USA,LOC,-0.35220126,0.03144654,de,15.90000000,4078704-7,6255150,L,-14.60485000,-57.65625000,SOUTH-AMERICA,Brazil,SAM
Brasilien,Brasilien,LOC,-0.10509554,0.22292994,de,15.70000000,4008003-1,3469034,A,-10.00000000,-55.00000000,SOUTH-AMERICA,Brazil,SAM
München,München,LOC,0.02795699,0.06451613,de,15.50000000,4245720-8,2867714,P,48.13743000,11.57549000,EUROPE,Germany,WCE
Los Angeles,Los Angeles,LOC,-0.06756757,0.00000000,de,14.80000000,4036361-2,5368361,P,34.05223000,-118.24368000,NORTH-AMERICA,United States,WNA
Nordrhein-Westfalen,Nordrhein-Westfalen,LOC,-0.14137931,0.06896552,de,14.50000000,4031483-2,2886242,P,50.93333000,6.95000000,EUROPE,Germany,WCE
Philippinen,Philippinen,LOC,-0.02158273,0.00000000,de,13.90000000,4045771-0,1694008,A,13.40882000,122.56155000,ASIA,Philippines,SEA
Sri Lanka,Sri Lanka,LOC,-0.19424460,0.14388489,de,13.90000000,4009696-8,1227603,A,7.75000000,80.75000000,INDIAN,Sri Lanka,BOB
Gewitter,Gewitter,LOC,-0.20149254,0.00000000,de,13.40000000,,0,,,,,,
Marokko,Marokko,LOC,-0.05384615,0.07692308,de,13.00000000,4037680-1,2542007,A,28.50000000,-10.00000000,AFRICA,Morocco,SAH
Landes,Landes,LOC,0.03278689,0.24590164,de,12.20000000,,3007868,L,44.25000000,-1.00000000,EUROPE-AFRICA,France,MED
Ägäis,Ägäis,LOC,-0.20628415,0.05464481,de,12.20000000,4068425-8,6697808,A,36.16726000,27.90603000,EUROPE-AFRICA,Greece,MED
Münchner Flughafen,Münchner Flughafen,LOC,-0.08474576,0.00000000,de,11.80000000,,0,,,,,,
Unwetter,Unwetter,LOC,-0.11965812,0.00000000,de,11.70000000,,0,,,,,,
Südkalifornien,Südkalifornien,LOC,-0.16666667,0.00000000,de,11.30000000,4096903-4,5404905,S,34.02180000,-118.28664000,NORTH-AMERICA,United States,WNA
Böen,Böen,LOC,0.07589286,0.00000000,de,11.20000000,,3160910,P,59.75000000,8.78333000,EUROPE,Norway,NEU
Thailand,Thailand,LOC,-0.08928571,0.17857143,de,11.20000000,4078228-1,1605651,A,15.50000000,101.00000000,ASIA,Thailand,SEA
Andalusien,Andalusien,LOC,-0.25454545,0.18181818,de,11.00000000,4054671-8,2510911,P,37.38283000,-5.97317000,EUROPE-AFRICA,Spain,MED
Mallorca,Mallorca,LOC,-0.13302752,0.18348624,de,10.90000000,4115833-7,2512989,P,39.56939000,2.65024000,EUROPE-AFRICA,Spain,MED
Hamburg,Hamburg,LOC,0.02752294,0.00000000,de,10.90000000,4239189-1,2911298,P,53.55073000,9.99302000,EUROPE,Germany,NEU
Spaniens,Spaniens,LOC,0.19339623,0.14150943,de,10.60000000,,0,,,,,,
Sumatra,Sumatra,LOC,0.13592233,0.48543689,de,10.30000000,4058586-4,1626198,T,0.00000000,102.00000000,ASIA,Indonesia,SEA
Kaliforniens,Kaliforniens,LOC,-0.33980583,0.00000000,de,10.30000000,,0,,,,,,
US-Bundesstaat Kalifornien,US-Bundesstaat Kalifornien,LOC,-0.23569024,0.00000000,de,9.90000000,,0,,,,,,
Hitze,Hitze,LOC,-0.10101010,0.00000000,de,9.90000000,,2903464,S,50.36667000,12.00000000,EUROPE,Germany,WCE
Athen,Athen,LOC,0.00000000,0.10416667,de,9.60000000,4003366-1,264371,P,37.98376000,23.72784000,EUROPE-AFRICA,Greece,MED
Dauereinsatz,Dauereinsatz,LOC,-0.25263158,0.00000000,de,9.50000000,,0,,,,,,
Italiens,Italiens,LOC,-0.08466312,0.30141844,de,9.40000000,,6116880,H,46.36199000,-74.81286000,NORTH-AMERICA,Canada,ENA
Stuttgart,Stuttgart,LOC,-0.11827957,0.07168459,de,9.30000000,4058282-6,2825297,P,48.78232000,9.17702000,EUROPE,Germany,WCE
Temperaturrekord,Temperaturrekord,LOC,-0.07692308,0.00000000,de,9.10000000,,0,,,,,,
Außenwelt,Außenwelt,LOC,-0.03846154,0.49450549,de,9.10000000,,0,,,,,,
Indien,Indien,LOC,0.11363636,0.00000000,de,8.80000000,4026722-2,1269750,A,22.00000000,79.00000000,ASIA,India,SAS
Glatteis,Glatteis,LOC,-0.86627907,0.58139535,de,8.60000000,,0,,,,,,
Mecklenburg-Vorpommern,Mecklenburg-Vorpommern,LOC,-0.25000000,0.00000000,de,8.40000000,4242861-0,2872567,A,53.83333000,12.50000000,EUROPE,Germany,WCE
Regen,Regen,LOC,0.10714286,0.05952381,de,8.40000000,4048975-9,2849495,P,48.97190000,13.12824000,EUROPE,Germany,WCE
Tunesien,Tunesien,LOC,0.19918699,0.00000000,de,8.20000000,4061206-5,2464461,A,34.00000000,9.00000000,EUROPE-AFRICA,Tunisia,MED
Hitzewelle,Hitzewelle,LOC,-0.08536585,0.00000000,de,8.20000000,,0,,,,,,
Landstriche,Landstriche,LOC,0.08536585,0.97560976,de,8.20000000,,0,,,,,,
Portugals,Portugals,LOC,0.46913580,0.12345679,de,8.10000000,,964394,H,-32.35000000,21.01667000,AFRICA,South Africa,WSAF
Ulm,Ulm,LOC,-0.24691358,0.00000000,de,8.10000000,4061529-7,2820256,P,48.39841000,9.99155000,EUROPE,Germany,WCE
Temperaturen,Temperaturen,LOC,-0.12345679,0.00000000,de,8.10000000,,0,,,,,,
Iberischen Halbinsel,Iberischen Halbinsel,LOC,0.07500000,0.00000000,de,8.00000000,,0,,,,,,
“,“,LOC,-0.43589744,0.12820513,de,7.80000000,,0,,,,,,
Freistaat,Freistaat,LOC,-0.31168831,0.00000000,de,7.70000000,4059979-6,2822542,A,50.91667000,11.00000000,EUROPE,Germany,WCE
Südostasien,Südostasien,LOC,-0.04000000,0.00000000,de,7.50000000,4058448-3,7729896,L,6.83917000,116.45508000,ASIA,,SEA
Offenbach,Offenbach,LOC,-0.09589041,0.00000000,de,7.30000000,4043359-6,2857807,P,50.10061000,8.76647000,EUROPE,Germany,WCE
Rhein,Rhein,LOC,-0.52739726,0.00000000,de,7.30000000,4049739-2,12077024,L,49.31885000,8.77012000,EUROPE,Germany,WCE
Griechenlands,Griechenlands,LOC,-0.31963470,0.09132420,de,7.30000000,,0,,,,,,
Niedersachsens,Niedersachsens,LOC,-0.58219178,0.00000000,de,7.30000000,,0,,,,,,
Österreich,Österreich,LOC,0.00000000,0.00000000,de,7.10000000,4043271-3,2782113,A,47.33333000,13.33333000,EUROPE,Austria,WCE
Bayerns,Bayerns,LOC,-0.27536232,0.07246377,de,6.90000000,,0,,,,,,
Gazastreifen,Gazastreifen,LOC,-0.21739130,0.36231884,de,6.90000000,4019325-1,281133,P,31.50161000,34.46672000,EUROPE-AFRICA,Palestinian Territory,MED
Anmarsch,Anmarsch,LOC,-0.04166667,0.00000000,de,6.60000000,,0,,,,,,
Brasiliens,Brasiliens,LOC,-0.15151515,0.00000000,de,6.60000000,,0,,,,,,
Überflutungen,Überflutungen,LOC,-0.28461538,0.00000000,de,6.50000000,,0,,,,,,
Thüringens,Thüringens,LOC,-0.10937500,0.00000000,de,6.40000000,,11550794,S,50.27720000,10.80180000,EUROPE,Germany,WCE
England,England,LOC,-0.49218750,0.00000000,de,6.40000000,4014770-8,11919979,L,44.00000000,-71.00000000,NORTH-AMERICA,United States,ENA
Schwarzwald,Schwarzwald,LOC,-0.50781250,0.00000000,de,6.40000000,4034109-4,2881885,P,48.34042000,7.86886000,EUROPE,Germany,WCE
Reutlingen,Reutlingen,LOC,0.10937500,0.00000000,de,6.40000000,4049657-0,2847736,P,48.49144000,9.20427000,EUROPE,Germany,WCE
A9,A9,LOC,0.03645833,0.00000000,de,6.40000000,,3017833,H,42.52915000,1.73362000,EUROPE-AFRICA,Andorra,MED
Dresden,Dresden,LOC,-0.07031250,0.00000000,de,6.40000000,4012995-0,2935022,P,51.05089000,13.73832000,EUROPE,Germany,WCE
Stromausfälle,Stromausfälle,LOC,0.11111111,0.00000000,de,6.30000000,,0,,,,,,
Gewittern,Gewittern,LOC,-0.53968254,0.00000000,de,6.30000000,,0,,,,,,
US-Bundesstaat,US-Bundesstaat,LOC,-0.26984127,0.00000000,de,6.30000000,4042011-5,5128581,P,40.71427000,-74.00597000,NORTH-AMERICA,United States,ENA
Asiens,Asiens,LOC,-0.22580645,0.16129032,de,6.20000000,,0,,,,,,
Kanarischen Inseln,Kanarischen Inseln,LOC,-0.11666667,0.00000000,de,6.00000000,,0,,,,,,
Südfrankreich,Südfrankreich,LOC,-0.40000000,0.00000000,de,6.00000000,,0,,,,,,
lsw,lsw,LOC,-0.18333333,0.11111111,de,6.00000000,,1214658,P,5.18010000,97.15070000,ASIA,Indonesia,SEA
Südspanien,Südspanien,LOC,0.11666667,0.00000000,de,6.00000000,,0,,,,,,
Unfälle,Unfälle,LOC,0.87500000,0.00000000,de,5.60000000,,0,,,,,,
Alpen,Alpen,LOC,0.29166667,0.11904762,de,5.60000000,4001328-5,682673,T,45.50000000,24.25000000,EUROPE,Romania,WCE
Bremen,Bremen,LOC,-0.50909091,0.00000000,de,5.50000000,4090044-7,2944388,P,53.07582000,8.80717000,EUROPE,Germany,NEU
Nordrhein-Westfalens,Nordrhein-Westfalens,LOC,-0.50909091,0.00000000,de,5.50000000,,0,,,,,,
Einsätzen,Einsätzen,LOC,0.00000000,0.00000000,de,5.50000000,,0,,,,,,
Bad Lobenstein,Bad Lobenstein,LOC,-0.08484848,0.00000000,de,5.50000000,4036099-4,2876721,P,50.45223000,11.63930000,EUROPE,Germany,WCE
Bergen,Bergen,LOC,-0.11515152,0.00000000,de,5.50000000,1027742-0,3161732,P,60.39299000,5.32415000,EUROPE,Norway,NEU
Warnungen,Warnungen,LOC,0.12962963,0.00000000,de,5.40000000,,0,,,,,,
Irak,Irak,LOC,-0.25471698,0.09433962,de,5.30000000,4072920-5,99237,A,33.00000000,44.00000000,ASIA,Iraq,WCA
Donau,Donau,LOC,-0.13207547,0.00000000,de,5.30000000,4041719-0,2866070,P,48.73218000,11.18709000,EUROPE,Germany,WCE
Safi,Safi,LOC,0.00000000,0.00000000,de,5.20000000,4482785-4,2537881,P,32.29939000,-9.23718000,EUROPE-AFRICA,Morocco,MED
Zentraljava,Zentraljava,LOC,0.28000000,0.00000000,de,5.00000000,,0,,,,,,
Zentrum,Zentrum,LOC,0.07000000,0.90000000,de,5.00000000,,6291660,P,47.43076000,8.46898000,EUROPE,Switzerland,WCE
sn,sn,LOC,-0.18000000,0.00000000,de,5.00000000,4000695-5,6255146,L,7.18810000,21.09375000,AFRICA,Central African Republic,CAF
Malaysia,Malaysia,LOC,-0.23469388,0.20408163,de,4.90000000,4037203-0,1733045,A,2.50000000,112.50000000,ASIA,Malaysia,SEA
Leipzig,Leipzig,LOC,0.00000000,0.00000000,de,4.80000000,4035206-7,2879139,P,51.33962000,12.37129000,EUROPE,Germany,WCE
Formentera,Formentera,LOC,-0.58510638,0.00000000,de,4.70000000,4017869-9,2517690,T,38.69467000,1.46919000,EUROPE-AFRICA,Spain,MED
Sturm,Sturm,LOC,-0.15217391,0.00000000,de,4.60000000,,6626207,T,-71.05000000,162.96667000,POLAR,Antarctica,EAN
Mittelmeer,Mittelmeer,LOC,-0.22463768,0.00000000,de,4.60000000,4074895-9,363196,H,35.00000000,20.00000000,EUROPE-AFRICA,,MED
Korsika,Korsika,LOC,0.00000000,0.00000000,de,4.60000000,4212951-5,3038334,P,41.91886000,8.73812000,EUROPE-AFRICA,France,MED
Terni…,Terni…,LOC,0.00000000,0.00000000,de,4.60000000,,0,,,,,,
Cottbus,Cottbus,LOC,-0.13043478,0.00000000,de,4.60000000,4070126-8,2939811,P,51.75769000,14.32888000,EUROPE,Germany,WCE
Kanadas,Kanadas,LOC,-0.26086957,0.10869565,de,4.60000000,4029456-0,6251999,A,60.10867000,-113.64258000,NORTH-AMERICA,Canada,NWN
Saharastaub,Saharastaub,LOC,-0.50000000,0.00000000,de,4.60000000,,0,,,,,,
Leeds,Leeds,LOC,-0.76086957,0.00000000,de,4.60000000,4111234-9,2644688,P,53.79648000,-1.54785000,EUROPE,United Kingdom,NEU
Umbrien,Umbrien,LOC,-0.76086957,0.00000000,de,4.60000000,4061581-9,3165048,A,43.00000000,12.50000000,EUROPE-AFRICA,Italy,MED
Schleswig-Holstein,Schleswig-Holstein,LOC,-0.15217391,0.21739130,de,4.60000000,4052692-6,2838632,A,54.20000000,9.75000000,EUROPE,Germany,NEU
Österreichs,Österreichs,LOC,0.15217391,0.21739130,de,4.60000000,,13513071,S,48.20430000,16.37016000,EUROPE,Austria,WCE
Eifel,Eifel,LOC,-0.43478261,0.00000000,de,4.60000000,4013749-1,2931919,T,50.25000000,6.66667000,EUROPE,Germany,WCE
Küste,Küste,LOC,0.00000000,0.00000000,de,4.60000000,4014426-4,2287781,A,8.00000000,-5.50000000,AFRICA,Ivory Coast,WAF
Wäldern,Wäldern,LOC,0.10869565,0.10869565,de,4.60000000,1075219485,3314082,L,49.11669000,10.18334000,EUROPE,Germany,WCE
Leonardo,Leonardo,LOC,0.15555556,0.00000000,de,4.50000000,,3645214,S,11.41487000,-69.68166000,SOUTH-AMERICA,Venezuela,NSA
Franken,Franken,LOC,0.34444444,0.00000000,de,4.50000000,4018093-1,2803465,L,50.00000000,9.00000000,EUROPE,Germany,WCE
Tübingen,Tübingen,LOC,-0.16279070,0.00000000,de,4.30000000,4061147-4,2820860,P,48.52266000,9.05222000,EUROPE,Germany,WCE
China,China,LOC,0.24390244,0.00000000,de,4.10000000,4009937-4,1814991,A,35.00000000,105.00000000,ASIA,China,EAS
Bode,Bode,LOC,-0.35000000,0.00000000,de,4.00000000,4087860-0,6627102,T,-72.50000000,75.11667000,POLAR,Antarctica,EAN
Harz,Harz,LOC,-0.25000000,0.00000000,de,4.00000000,4023568-3,2909965,T,51.75619000,10.63462000,EUROPE,Germany,WCE
Halle,Halle,LOC,0.18421053,0.00000000,de,3.80000000,4023027-2,2911522,P,51.48158000,11.97947000,EUROPE,Germany,WCE
Ilse,Ilse,LOC,-0.36842105,0.00000000,de,3.80000000,,2896492,H,52.06880000,10.56996000,EUROPE,Germany,WCE
Stadt,Stadt,LOC,0.18918919,0.00000000,de,3.70000000,,2661604,P,47.55839000,7.57327000,EUROPE,Switzerland,WCE
Guangxi,Guangxi,LOC,-0.18918919,0.00000000,de,3.70000000,4213746-9,1799869,P,22.81667000,108.31667000,ASIA,China,EAS
Kittsee,Kittsee,LOC,0.37837838,0.00000000,de,3.70000000,4030894-7,2774348,P,48.09250000,17.06389000,EUROPE,Austria,WCE
Temperatursturz,Temperatursturz,LOC,-0.61261261,0.09009009,de,3.70000000,,0,,,,,,
Vereinigten Arabischen Emiraten,Vereinigten Arabischen Emiraten,LOC,-0.09009009,0.00000000,de,3.70000000,,0,,,,,,
Greding,Greding,LOC,0.00000000,0.00000000,de,3.70000000,4098026-1,2917833,P,49.04699000,11.35703000,EUROPE,Germany,WCE
Europa,Europa,LOC,-0.18918919,0.00000000,de,3.70000000,4015701-5,6255148,L,48.69096000,9.14062000,EUROPE,Germany,WCE
Kreta,Kreta,LOC,-0.40990991,0.18018018,de,3.70000000,4073791-3,258763,T,35.20523000,24.90308000,EUROPE-AFRICA,Greece,MED
A 48,A 48,LOC,-0.22972973,0.00000000,de,3.70000000,4074987-3,524901,P,55.75204000,37.61781000,EUROPE,Russia,WCE
Israel,Israel,LOC,0.37837838,0.00000000,de,3.70000000,4027808-6,294640,A,31.50000000,34.75000000,EUROPE-AFRICA,Israel,MED
sintflutartiger,sintflutartiger,LOC,-0.37837838,0.27027027,de,3.70000000,,0,,,,,,
La Palma,La Palma,LOC,0.00000000,0.81081081,de,3.70000000,4044423-5,5364022,P,33.84640000,-118.04673000,NORTH-AMERICA,United States,WNA
Rekordhitze,Rekordhitze,LOC,-0.37837838,0.00000000,de,3.70000000,,0,,,,,,
Kenias,Kenias,LOC,-0.18918919,0.00000000,de,3.70000000,,0,,,,,,
Dubai,Dubai,LOC,-0.27927928,0.00000000,de,3.70000000,4204044-9,292223,P,25.07725000,55.30927000,ASIA,United Arab Emirates,ARP
Asien,Asien,LOC,0.00000000,0.54054054,de,3.70000000,4003217-6,6255147,L,29.84064000,89.29688000,ASIA,China,TIB
Iberische Halbinsel,Iberische Halbinsel,LOC,-0.37837838,0.00000000,de,3.70000000,4047912-2,2267430,T,40.00000000,-5.00000000,EUROPE-AFRICA,Spain,MED
Steiermark,Steiermark,LOC,0.45945946,0.00000000,de,3.70000000,4057092-7,2764581,A,47.25000000,15.16667000,EUROPE,Austria,WCE
Nordsee,Nordsee,LOC,-0.18468468,0.40540541,de,3.70000000,4042579-4,2960848,H,55.33333000,3.00000000,EUROPE,,NEU
Potsdam,Potsdam,LOC,-0.60185185,0.00000000,de,3.60000000,4046948-7,2852458,P,52.39886000,13.06566000,EUROPE,Germany,WCE
Balearen,Balearen,LOC,0.00000000,0.00000000,de,3.50000000,4115833-7,2512989,P,39.56939000,2.65024000,EUROPE-AFRICA,Spain,MED
Regenfälle,Regenfälle,LOC,0.13333333,0.00000000,de,3.50000000,,0,,,,,,
Baden-Württembergs,Baden-Württembergs,LOC,0.20000000,0.00000000,de,3.50000000,,0,,,,,,
lrs,lrs,LOC,-0.29523810,0.00000000,de,3.50000000,,5880061,S,70.13395000,-143.58045000,NORTH-AMERICA,United States,NWN
Magdeburg,Magdeburg,LOC,0.11428571,0.00000000,de,3.50000000,4036934-1,2874545,P,52.13129000,11.63189000,EUROPE,Germany,WCE
nan,nan,LOC,0.00000000,0.30303030,de,3.30000000,,1608452,P,18.78378000,100.77899000,ASIA,Thailand,SEA
MV,MV,LOC,-0.31250000,0.00000000,de,3.20000000,4003217-6,6255147,L,29.84064000,89.29688000,ASIA,China,TIB
Norddeutschlands,Norddeutschlands,LOC,0.00000000,0.00000000,de,3.20000000,,0,,,,,,
Meteorologen,Meteorologen,LOC,-0.21875000,0.00000000,de,3.20000000,,0,,,,,,
Mittwochabend,Mittwochabend,LOC,-0.22580645,0.00000000,de,3.10000000,,0,,,,,,
Flüssen,Flüssen,LOC,-0.10000000,0.00000000,de,3.00000000,,2926035,P,48.21861000,10.27462000,EUROPE,Germany,WCE
Mexikos,Mexikos,LOC,0.25000000,1.07142857,de,2.80000000,,0,,,,,,
Schongau,Schongau,LOC,-1.07142857,0.00000000,de,2.80000000,4053192-2,7302756,L,47.80895000,10.98830000,EUROPE,Germany,WCE
Triest,Triest,LOC,0.00000000,0.00000000,de,2.80000000,4078411-3,3165185,P,45.64953000,13.77678000,EUROPE,Italy,WCE
Korfu,Korfu,LOC,0.25000000,0.00000000,de,2.80000000,4192393-5,2463679,P,39.62441000,19.92016000,EUROPE-AFRICA,Greece,MED
Bäume,Bäume,LOC,-1.07142857,0.00000000,de,2.80000000,,0,,,,,,
Hitzewellen,Hitzewellen,LOC,0.00000000,0.35714286,de,2.80000000,,0,,,,,,
Stephanie,Stephanie,LOC,0.02083333,0.59523810,de,2.80000000,,1626471,T,0.13908000,130.07326000,ASIA,Indonesia,SEA
Prignitz,Prignitz,LOC,-0.30357143,0.00000000,de,2.80000000,4047245-0,2852047,L,53.00000000,12.00000000,EUROPE,Germany,WCE
Feldberg,Feldberg,LOC,-0.12500000,0.89285714,de,2.80000000,,2927445,T,47.87399000,8.00371000,EUROPE,Germany,WCE
Sturmböen“,Sturmböen“,LOC,-0.50000000,0.00000000,de,2.80000000,,0,,,,,,
Landkreis Nordwestmecklenburg,Landkreis Nordwestmecklenburg,LOC,0.00000000,0.00000000,de,2.80000000,4201278-8,2807465,P,53.89218000,11.45563000,EUROPE,Germany,NEU
Nairobi,Nairobi,LOC,0.00000000,0.00000000,de,2.80000000,4041172-2,184745,P,-1.28333000,36.81667000,AFRICA,Kenya,SEAF
Kaffeemaschine,Kaffeemaschine,LOC,0.00000000,0.00000000,de,2.80000000,,0,,,,,,
La Gomera,La Gomera,LOC,0.00000000,1.07142857,de,2.80000000,4121997-1,2509770,T,35.17204000,-4.29959000,EUROPE-AFRICA,Spain,MED
El Hierro,El Hierro,LOC,0.00000000,1.07142857,de,2.80000000,4016879-7,6297186,S,27.81485000,-17.88706000,AFRICA,Spain,SAH
Big Island,Big Island,LOC,-0.85714286,0.00000000,de,2.80000000,,2186716,T,-47.15000000,167.40000000,OCEANIA,New Zealand,NZ
Schweinfurt,Schweinfurt,LOC,-0.50000000,0.00000000,de,2.80000000,4053863-1,2834498,P,50.04937000,10.22175000,EUROPE,Germany,WCE
Regenjacke,Regenjacke,LOC,-0.12500000,0.00000000,de,2.80000000,,0,,,,,,
A24,A24,LOC,0.14285714,0.00000000,de,2.80000000,,0,,,,,,
Regenmassen,Regenmassen,LOC,-0.55952381,0.11904762,de,2.80000000,,0,,,,,,
Landkreis Ludwigslust-Parchim,Landkreis Ludwigslust-Parchim,LOC,0.50000000,0.00000000,de,2.80000000,4230395-3,2855441,P,53.42631000,11.84875000,EUROPE,Germany,WCE
Risiko,Risiko,LOC,0.12500000,0.53571429,de,2.80000000,,0,,,,,,
Indiens,Indiens,LOC,0.00000000,0.00000000,de,2.80000000,,6012211,H,48.85944000,-74.48361000,NORTH-AMERICA,Canada,ENA
Tornados,Tornados,LOC,-0.48214286,0.17857143,de,2.80000000,,0,,,,,,
Windböen,Windböen,LOC,-0.66071429,0.00000000,de,2.80000000,,0,,,,,,
Miami,Miami,LOC,-0.10714286,0.00000000,de,2.80000000,4039108-5,4164138,P,25.77427000,-80.19366000,NORTH-AMERICA,United States,ENA
Gewässern,Gewässern,LOC,0.00000000,0.00000000,de,2.80000000,,0,,,,,,
Wetterchaos,Wetterchaos,LOC,-0.75000000,0.00000000,de,2.80000000,,0,,,,,,
Mittwoch,Mittwoch,LOC,0.00000000,0.35714286,de,2.80000000,,0,,,,,,
Tauwetter,Tauwetter,LOC,0.25000000,0.00000000,de,2.80000000,,0,,,,,,
Elster,Elster,LOC,0.00000000,1.07142857,de,2.80000000,4014511-6,2953509,P,50.28192000,12.23430000,EUROPE,Germany,WCE
Istanbul,Istanbul,LOC,-0.77380952,0.11904762,de,2.80000000,4088772-8,745044,P,41.01384000,28.94966000,EUROPE-AFRICA,Turkey,MED
Schlammlawinen,Schlammlawinen,LOC,0.00000000,0.00000000,de,2.80000000,,0,,,,,,
Jena,Jena,LOC,0.00000000,2.14285714,de,2.80000000,4028557-1,2895044,P,50.92878000,11.58990000,EUROPE,Germany,WCE
Flughafen,Flughafen,LOC,0.00000000,0.00000000,de,2.80000000,,3208399,S,48.35378000,11.78609000,EUROPE,Germany,WCE
Hangrutsch,Hangrutsch,LOC,0.00000000,0.00000000,de,2.80000000,,0,,,,,,
Pakistan,Pakistan,LOC,0.00000000,0.00000000,de,2.80000000,4075812-6,1168579,A,30.00000000,70.00000000,ASIA,Pakistan,WCA
Südbayern,Südbayern,LOC,-0.31250000,0.00000000,de,2.80000000,,0,,,,,,
Köln,Köln,LOC,0.35714286,0.00000000,de,2.80000000,4031483-2,2886242,P,50.93333000,6.95000000,EUROPE,Germany,WCE
Blitze,Blitze,LOC,-0.25000000,0.00000000,de,2.80000000,,2948144,P,50.75690000,7.48473000,EUROPE,Germany,WCE
Afrikas,Afrikas,LOC,0.00000000,0.35714286,de,2.80000000,,0,,,,,,
Jamaika,Jamaika,LOC,-1.00000000,0.00000000,de,2.80000000,127193-3,3489940,A,18.16667000,-77.25000000,CENTRAL-AMERICA,Jamaica,CAR
Russland,Russland,LOC,0.00000000,0.00000000,de,2.80000000,4076899-5,2017370,A,60.00000000,100.00000000,ASIA,Russia,ESB
Mittelmeerraum,Mittelmeerraum,LOC,0.58333333,0.00000000,de,2.80000000,,0,,,,,,
Neuseeland,Neuseeland,LOC,-0.37500000,0.17857143,de,2.80000000,4041915-0,2186224,A,-42.00000000,174.00000000,OCEANIA,New Zealand,NZ
Unwetter…,Unwetter…,LOC,0.00000000,0.00000000,de,2.80000000,,0,,,,,,
Marokkos,Marokkos,LOC,0.71428571,0.00000000,de,2.80000000,,0,,,,,,
Neiße,Neiße,LOC,0.00000000,1.07142857,de,2.80000000,4041573-9,2866578,H,52.06944000,14.75583000,EUROPE,Poland,WCE
Fango,Fango,LOC,0.00000000,0.00000000,de,2.80000000,,3442625,T,-34.78333000,-53.75000000,SOUTH-AMERICA,Uruguay,SES
Mittelfranken,Mittelfranken,LOC,-0.25000000,0.00000000,de,2.80000000,4039681-2,2870736,A,49.33333000,10.83333000,EUROPE,Germany,WCE
Australiens,Australiens,LOC,0.00000000,0.00000000,de,2.70000000,,0,,,,,,
Gaza,Gaza,LOC,0.25925926,0.00000000,de,2.70000000,4092680-1,281133,P,31.50161000,34.46672000,EUROPE-AFRICA,Palestinian Territory,MED
Millionenhöhe,Millionenhöhe,LOC,0.00000000,0.00000000,de,2.70000000,,0,,,,,,
Verkehrsbehinderungen,Verkehrsbehinderungen,LOC,0.00000000,0.00000000,de,2.70000000,,0,,,,,,
Südkaliforniens,Südkaliforniens,LOC,0.77777778,0.00000000,de,2.70000000,,0,,,,,,
Valencia,Valencia,LOC,0.00000000,0.00000000,de,2.70000000,4062284-8,3625549,P,10.16153000,-68.00044000,SOUTH-AMERICA,Venezuela,NSA
Chile,Chile,LOC,0.00000000,0.00000000,de,2.60000000,4009929-5,3895114,A,-30.00000000,-71.00000000,SOUTH-AMERICA,Chile,SWS
Málaga,Málaga,LOC,0.00000000,0.00000000,de,2.60000000,4100040-7,2514256,P,36.72016000,-4.42034000,EUROPE-AFRICA,Spain,MED
Kanada,Kanada,LOC,-0.38461538,0.00000000,de,2.60000000,4029456-0,6251999,A,60.10867000,-113.64258000,NORTH-AMERICA,Canada,NWN
Sachsens,Sachsens,LOC,0.00000000,0.38461538,de,2.60000000,,0,,,,,,
Landesteilen,Landesteilen,LOC,0.00000000,0.00000000,de,2.60000000,,0,,,,,,
Hue,Hue,LOC,-0.26923077,0.00000000,de,2.60000000,,1580240,P,16.46190000,107.59546000,ASIA,Vietnam,SEA
Insel Oahu,Insel Oahu,LOC,-0.96153846,0.00000000,de,2.60000000,,0,,,,,,
Texas,Texas,LOC,-0.26923077,0.00000000,de,2.60000000,4059594-8,12217092,L,28.92040000,-98.57720000,CENTRAL-AMERICA,United States,NCA
Karibik,Karibik,LOC,-0.28000000,0.00000000,de,2.50000000,4073241-1,7729891,L,20.38583000,-72.33398000,CENTRAL-AMERICA,,CAR
Mecklenburg-Vorpommerns,Mecklenburg-Vorpommerns,LOC,-0.42666667,0.33333333,de,2.50000000,,0,,,,,,
Bayerns Alpen,Bayerns Alpen,LOC,0.00000000,0.00000000,de,2.40000000,,0,,,,,,
Föhr,Föhr,LOC,0.00000000,0.00000000,de,2.40000000,4067126-4,2805396,P,54.69140000,8.56702000,EUROPE,Germany,NEU
Oberpfalz,Oberpfalz,LOC,-0.73913043,0.00000000,de,2.30000000,4041837-6,2864549,P,49.28028000,11.46278000,EUROPE,Germany,WCE
Berlins,Berlins,LOC,0.00000000,0.00000000,de,2.20000000,,2193381,T,-41.90000000,171.83333000,OCEANIA,New Zealand,NZ
Nordseeküste,Nordseeküste,LOC,-0.31818182,0.00000000,de,2.20000000,4075482-0,12076810,L,53.83568000,8.11677000,EUROPE,Germany,NEU
Nordthüringen,Nordthüringen,LOC,0.33333333,0.00000000,de,2.10000000,4106304-1,12088633,L,51.46364000,10.90710000,EUROPE,Germany,WCE
Umständen,Umständen,LOC,-0.47619048,0.00000000,de,2.10000000,,0,,,,,,
Frankfurt,Frankfurt,LOC,-0.15000000,0.00000000,de,2.00000000,4018118-2,2925533,P,50.11552000,8.68417000,EUROPE,Germany,WCE
NRW Regen,NRW Regen,LOC,-0.70000000,0.00000000,de,2.00000000,,0,,,,,,
Elbe,Elbe,LOC,0.07894737,0.00000000,de,1.90000000,4115252-9,2868531,P,51.43453000,13.22177000,EUROPE,Germany,WCE
Lesachtal,Lesachtal,LOC,0.00000000,0.00000000,de,1.90000000,4111270-2,2766577,P,46.70472000,12.78389000,EUROPE,Austria,WCE
Hitzephasen,Hitzephasen,LOC,0.00000000,0.00000000,de,1.90000000,,0,,,,,,
Zeltlagern,Zeltlagern,LOC,0.36842105,0.52631579,de,1.90000000,,0,,,,,,
Review/Fotos,Review/Fotos,LOC,0.00000000,0.00000000,de,1.90000000,,0,,,,,,
Brasília,Brasília,LOC,0.00000000,0.00000000,de,1.90000000,4008003-1,3469034,A,-10.00000000,-55.00000000,SOUTH-AMERICA,Brazil,SAM
Katzenelnbogen,Katzenelnbogen,LOC,-0.73684211,0.00000000,de,1.90000000,4110043-8,2892192,P,50.26745000,7.97322000,EUROPE,Germany,WCE
Neuss,Neuss,LOC,-0.52631579,0.00000000,de,1.90000000,4041924-1,2864118,P,51.19807000,6.68504000,EUROPE,Germany,WCE
Blitzschlag,Blitzschlag,LOC,0.00000000,0.00000000,de,1.90000000,,0,,,,,,
Nova Rock,Nova Rock,LOC,0.52631579,0.00000000,de,1.90000000,,5892964,H,44.80085000,-62.78430000,NORTH-AMERICA,Canada,ENA
d…,d…,LOC,0.00000000,0.00000000,de,1.90000000,,0,,,,,,
Riedlingen,Riedlingen,LOC,0.00000000,0.00000000,de,1.90000000,4049967-4,2847080,P,48.15455000,9.47558000,EUROPE,Germany,WCE
Urlaubsregion,Urlaubsregion,LOC,-0.73684211,0.00000000,de,1.90000000,,0,,,,,,
Englands,Englands,LOC,0.73684211,0.00000000,de,1.90000000,,5948837,H,45.51364000,-61.33680000,NORTH-AMERICA,Canada,ENA
Unwettern,Unwettern,LOC,0.00000000,0.00000000,de,1.90000000,,0,,,,,,
Orlando,Orlando,LOC,0.73684211,0.00000000,de,1.90000000,4119965-0,4167147,P,28.53834000,-81.37924000,NORTH-AMERICA,United States,ENA
Brand,Brand,LOC,-0.36842105,0.00000000,de,1.90000000,4278589-3,2945341,P,50.86643000,13.32285000,EUROPE,Germany,WCE
Mittelmeer-Länder,Mittelmeer-Länder,LOC,0.00000000,0.00000000,de,1.90000000,,0,,,,,,
knöcheltief,knöcheltief,LOC,0.00000000,0.00000000,de,1.90000000,,0,,,,,,
Klimawandel,Klimawandel,LOC,0.36842105,0.00000000,de,1.90000000,,0,,,,,,
Oberbayern,Oberbayern,LOC,0.00000000,0.00000000,de,1.90000000,4245720-8,2867714,P,48.13743000,11.57549000,EUROPE,Germany,WCE
Ecuador,Ecuador,LOC,0.00000000,0.00000000,de,1.90000000,4129321-6,3658394,A,-1.25000000,-78.25000000,SOUTH-AMERICA,Ecuador,NWS
Adriaküste,Adriaküste,LOC,0.18421053,0.26315789,de,1.90000000,,0,,,,,,
Schladming,Schladming,LOC,0.00000000,0.00000000,de,1.90000000,4052575-2,2609046,L,47.28611000,13.92917000,EUROPE,Austria,WCE
Lindwurmstraße,Lindwurmstraße,LOC,0.00000000,0.00000000,de,1.90000000,,0,,,,,,
Cebu City,Cebu City,LOC,-0.25438596,0.00000000,de,1.90000000,4216903-3,1717512,P,10.31672000,123.89071000,ASIA,Philippines,SEA
Tirol,Tirol,LOC,0.00000000,0.00000000,de,1.90000000,4027096-8,2775220,P,47.26266000,11.39454000,EUROPE,Austria,WCE
Wetterexperten Sturmböen,Wetterexperten Sturmböen,LOC,0.00000000,0.00000000,de,1.90000000,,0,,,,,,
Europas,Europas,LOC,-0.36842105,0.00000000,de,1.90000000,,0,,,,,,
Afrika,Afrika,LOC,0.73684211,0.00000000,de,1.90000000,4000695-5,6255146,L,7.18810000,21.09375000,AFRICA,Central African Republic,CAF
A36,A36,LOC,0.49122807,0.00000000,de,1.90000000,,0,,,,,,
Südafrika,Südafrika,LOC,0.00000000,1.05263158,de,1.90000000,4078012-0,953987,A,-29.00000000,24.00000000,AFRICA,South Africa,WSAF
Mosambik,Mosambik,LOC,-0.36842105,0.52631579,de,1.90000000,4039786-5,1036973,A,-18.25000000,35.00000000,AFRICA,Mozambique,ESAF
Simbabwe,Simbabwe,LOC,0.00000000,0.52631579,de,1.90000000,4049850-5,878675,A,-19.00000000,29.75000000,AFRICA,Zimbabwe,ESAF
Philadelphia,Philadelphia,LOC,0.00000000,0.00000000,de,1.90000000,4103331-0,4560349,P,39.95238000,-75.16362000,NORTH-AMERICA,United States,ENA
Sturmflut,Sturmflut,LOC,-0.29824561,0.17543860,de,1.90000000,,0,,,,,,
Mount Maunganui,Mount Maunganui,LOC,-0.36842105,0.00000000,de,1.90000000,,2186442,A,-37.61667000,176.18333000,OCEANIA,New Zealand,NZ
Milliardenschaden,Milliardenschaden,LOC,0.00000000,0.00000000,de,1.90000000,,0,,,,,,
Rostock,Rostock,LOC,0.36842105,0.00000000,de,1.90000000,4050610-1,2844588,P,54.08870000,12.14049000,EUROPE,Germany,NEU
Milliardenhöhe,Milliardenhöhe,LOC,0.00000000,0.52631579,de,1.90000000,,0,,,,,,
Krisenmodus,Krisenmodus,LOC,0.00000000,0.00000000,de,1.90000000,,0,,,,,,
schwülwarmer,schwülwarmer,LOC,-0.97368421,0.00000000,de,1.90000000,,0,,,,,,
Westmecklenburg,Westmecklenburg,LOC,0.36842105,0.00000000,de,1.90000000,4053950-7,2834282,P,53.62937000,11.41316000,EUROPE,Germany,WCE
Unterfranken,Unterfranken,LOC,-0.36842105,0.00000000,de,1.90000000,4061905-9,2822571,P,50.20097000,10.31906000,EUROPE,Germany,WCE
Siegerland,Siegerland,LOC,-1.05263158,0.00000000,de,1.90000000,4054887-9,2832477,L,50.87297000,8.07520000,EUROPE,Germany,WCE
Autobahn 9,Autobahn 9,LOC,0.00000000,0.00000000,de,1.90000000,,0,,,,,,
Saale-Orla-Kreis,Saale-Orla-Kreis,LOC,0.00000000,0.00000000,de,1.90000000,,6547394,A,50.62459000,11.71953000,EUROPE,Germany,WCE
Behinderungen,Behinderungen,LOC,0.00000000,0.00000000,de,1.90000000,,0,,,,,,
Murcia,Murcia,LOC,0.00000000,0.00000000,de,1.90000000,4115291-8,2513416,P,37.98704000,-1.13004000,EUROPE-AFRICA,Spain,MED
Schwarzmeerküste,Schwarzmeerküste,LOC,0.36842105,0.17543860,de,1.90000000,,0,,,,,,
Jakarta,Jakarta,LOC,0.00000000,0.00000000,de,1.90000000,64162-5,1642911,P,-6.21462000,106.84513000,ASIA,Indonesia,SEA
Elementarschäden,Elementarschäden,LOC,0.00000000,1.05263158,de,1.90000000,,0,,,,,,
Privacy Center,Privacy Center,LOC,0.00000000,0.00000000,de,1.90000000,,0,,,,,,
Waymo,Waymo,LOC,0.73684211,0.00000000,de,1.90000000,,0,,,,,,
Saudi-Arabien,Saudi-Arabien,LOC,0.44736842,0.00000000,de,1.90000000,4051788-3,102358,A,25.00000000,45.00000000,ASIA,Saudi Arabia,ARP
Hansestadt,Hansestadt,LOC,0.00000000,0.00000000,de,1.90000000,4239189-1,2911298,P,53.55073000,9.99302000,EUROPE,Germany,NEU
Insel-Hauptstadt,Insel-Hauptstadt,LOC,0.00000000,0.00000000,de,1.90000000,,0,,,,,,
Erdrutschen,Erdrutschen,LOC,-0.44736842,0.00000000,de,1.90000000,,0,,,,,,
Saarbrücken,Saarbrücken,LOC,0.12280702,0.00000000,de,1.90000000,4076912-4,2842647,P,49.23262000,7.00982000,EUROPE,Germany,WCE
Bergland,Bergland,LOC,-0.36842105,0.00000000,de,1.90000000,,3313702,L,49.60000000,7.25000000,EUROPE,Germany,WCE
Schwaben,Schwaben,LOC,0.00000000,0.00000000,de,1.90000000,4053668-3,2824481,L,48.00000000,9.00000000,EUROPE,Germany,WCE
Göttingen,Göttingen,LOC,0.00000000,0.00000000,de,1.90000000,4021477-1,2918632,P,51.53443000,9.93228000,EUROPE,Germany,WCE
Autobahn 48,Autobahn 48,LOC,0.00000000,0.00000000,de,1.90000000,,0,,,,,,
Oberösterreich,Oberösterreich,LOC,-0.07894737,0.00000000,de,1.90000000,4074255-6,2772400,P,48.30639000,14.28611000,EUROPE,Austria,WCE
Äckern,Äckern,LOC,0.00000000,0.00000000,de,1.90000000,,3321501,L,48.57611000,16.60667000,EUROPE,Austria,WCE
Hohen Venn,Hohen Venn,LOC,-0.89473684,0.00000000,de,1.90000000,,0,,,,,,
Mexiko-Stadt,Mexiko-Stadt,LOC,0.00000000,0.00000000,de,1.90000000,4039060-3,3530597,P,19.42847000,-99.12766000,CENTRAL-AMERICA,Mexico,NCA
Wärmesturm,Wärmesturm,LOC,0.36842105,0.00000000,de,1.90000000,,0,,,,,,
Schwerin,Schwerin,LOC,-0.89473684,0.00000000,de,1.90000000,4053950-7,2834282,P,53.62937000,11.41316000,EUROPE,Germany,WCE
TTS-Player,TTS-Player,LOC,-0.73684211,0.00000000,de,1.90000000,,0,,,,,,
weiterlesenEin,weiterlesenEin,LOC,-0.73684211,0.00000000,de,1.90000000,,0,,,,,,
Saar,Saar,LOC,-0.97368421,0.00000000,de,1.90000000,4058578-5,2824841,P,49.29882000,7.05696000,EUROPE,Germany,WCE
Mosel,Mosel,LOC,-0.97368421,0.00000000,de,1.90000000,4102240-3,99072,P,36.33500000,43.11889000,ASIA,Iraq,WCA
Frankreichs,Frankreichs,LOC,-0.36842105,0.00000000,de,1.90000000,,0,,,,,,
Bayerischen Wald,Bayerischen Wald,LOC,0.00000000,0.00000000,de,1.90000000,,0,,,,,,
Münster,Münster,LOC,0.00000000,0.00000000,de,1.90000000,4040608-8,2867543,P,51.96236000,7.62571000,EUROPE,Germany,WCE
Wien,Wien,LOC,0.52631579,0.00000000,de,1.90000000,4066009-6,2761369,P,48.20849000,16.37208000,EUROPE,Austria,WCE
Simbach am Inn,Simbach am Inn,LOC,0.00000000,0.00000000,de,1.90000000,4055032-1,2832043,P,48.26548000,13.02309000,EUROPE,Germany,WCE
Cornwall,Cornwall,LOC,-0.52631579,0.00000000,de,1.90000000,4010579-9,3490851,L,18.25000000,-77.90000000,CENTRAL-AMERICA,Jamaica,CAR
A20,A20,LOC,0.00000000,0.00000000,de,1.90000000,,4409381,S,38.86001000,-94.07856000,NORTH-AMERICA,United States,CNA
Arabica-Plantagen,Arabica-Plantagen,LOC,0.00000000,0.00000000,de,1.90000000,,0,,,,,,
Minas Gera…,Minas Gera…,LOC,0.00000000,0.00000000,de,1.90000000,,0,,,,,,
Kaffee-Anbauland,Kaffee-Anbauland,LOC,0.00000000,1.05263158,de,1.90000000,,0,,,,,,
Australien,Australien,LOC,0.00000000,0.00000000,de,1.90000000,4003900-6,2077456,A,-25.00000000,135.00000000,OCEANIA,Australia,CAU
Zentrum Australiens,Zentrum Australiens,LOC,-0.73684211,0.00000000,de,1.90000000,,0,,,,,,
Illora,Illora,LOC,0.36842105,0.17543860,de,1.90000000,1165672103,2516455,P,37.28771000,-3.88109000,EUROPE-AFRICA,Spain,MED
Auswanderin,Auswanderin,LOC,0.07675439,0.61403509,de,1.90000000,,0,,,,,,
Salamis,Salamis,LOC,-1.05263158,0.00000000,de,1.90000000,4105212-2,254143,T,37.94183000,23.50433000,EUROPE-AFRICA,Greece,MED
Gondo,Gondo,LOC,0.00000000,0.00000000,de,1.90000000,4714153-0,2457049,T,15.00000000,-2.00000000,AFRICA,Mali,SAH
Kreuz Schwerin,Kreuz Schwerin,LOC,-0.36842105,0.00000000,de,1.90000000,,13556812,S,53.42371000,11.52073000,EUROPE,Germany,WCE
Nürnberg,Nürnberg,LOC,0.73684211,0.00000000,de,1.90000000,4042742-0,2861650,P,49.45421000,11.07752000,EUROPE,Germany,WCE
Küsten,Küsten,LOC,-1.05263158,0.00000000,de,1.90000000,4632556-6,2882243,P,52.97779000,11.06240000,EUROPE,Germany,WCE
Südchina,Südchina,LOC,0.00000000,0.00000000,de,1.90000000,,0,,,,,,
Naturkatastrophe,Naturkatastrophe,LOC,0.36842105,0.00000000,de,1.90000000,,0,,,,,,
Erdrutsch,Erdrutsch,LOC,-0.55263158,0.26315789,de,1.90000000,,0,,,,,,
Emirates,Emirates,LOC,-0.73684211,0.00000000,de,1.90000000,4062742-1,290557,A,23.75000000,54.50000000,ASIA,United Arab Emirates,ARP
Wetterbericht,Wetterbericht,LOC,0.00000000,0.00000000,de,1.90000000,,0,,,,,,
Kreis Prignitz,Kreis Prignitz,LOC,0.00000000,0.00000000,de,1.90000000,,0,,,,,,
St…,St…,LOC,0.00000000,0.00000000,de,1.90000000,,0,,,,,,
Brazzano di Cormons,Brazzano di Cormons,LOC,-0.36842105,0.00000000,de,1.90000000,,3181594,P,45.97557000,13.45442000,EUROPE,Italy,WCE
Wasserreserven,Wasserreserven,LOC,0.00000000,0.00000000,de,1.90000000,,0,,,,,,
Wassernotstand,Wassernotstand,LOC,0.00000000,0.00000000,de,1.90000000,,0,,,,,,
Ostdeutschlands,Ostdeutschlands,LOC,0.00000000,0.00000000,de,1.90000000,,0,,,,,,
Hagelsturm,Hagelsturm,LOC,0.00000000,0.00000000,de,1.90000000,,12157170,S,49.06580000,10.32059000,EUROPE,Germany,WCE
Endkunden,Endkunden,LOC,-1.05263158,0.00000000,de,1.90000000,,0,,,,,,
Hohe Temperaturen locken,Hohe Temperaturen locken,LOC,-1.05263158,0.00000000,de,1.90000000,,0,,,,,,
Chongqing,Chongqing,LOC,-0.18421053,0.26315789,de,1.90000000,4315770-1,1814906,P,29.56026000,106.55771000,ASIA,China,EAS
Erdrutsch-Gefahr,Erdrutsch-Gefahr,LOC,-1.05263158,0.00000000,de,1.90000000,,0,,,,,,
Chinas,Chinas,LOC,-0.18421053,0.26315789,de,1.90000000,,8674315,L,23.85616000,-99.45201000,CENTRAL-AMERICA,Mexico,NCA
Waldbränden,Waldbränden,LOC,0.00000000,0.00000000,de,1.90000000,,0,,,,,,
US-Bundesstaats Kalifornien,US-Bundesstaats Kalifornien,LOC,-0.36842105,0.00000000,de,1.90000000,,0,,,,,,
Fährausfälle,Fährausfälle,LOC,0.00000000,0.00000000,de,1.80000000,,0,,,,,,
Zentrum von Vietnam,Zentrum von Vietnam,LOC,0.77777778,0.00000000,de,1.80000000,,0,,,,,,
Genua,Genua,LOC,0.38888889,0.00000000,de,1.80000000,4020185-5,3176219,P,44.40478000,8.94439000,EUROPE-AFRICA,Italy,MED
Missouri,Missouri,LOC,0.00000000,0.00000000,de,1.80000000,4039591-1,4398678,A,38.25031000,-92.50046000,NORTH-AMERICA,United States,CNA
Heftiger Regen,Heftiger Regen,LOC,0.00000000,0.00000000,de,1.80000000,,0,,,,,,
Tal,Tal,LOC,0.00000000,0.00000000,de,1.80000000,,8299740,A,35.89250000,14.49389000,EUROPE-AFRICA,Malta,MED
Portugiesen,Portugiesen,LOC,0.00000000,0.00000000,de,1.80000000,,0,,,,,,
East Rutherford,East Rutherford,LOC,0.77777778,0.00000000,de,1.80000000,4471288-1,4644312,P,35.84562000,-86.39027000,NORTH-AMERICA,United States,ENA
flutartiger Regen,flutartiger Regen,LOC,-0.19444444,0.27777778,de,1.80000000,,0,,,,,,
Norwegen,Norwegen,LOC,-0.38888889,0.00000000,de,1.80000000,4042640-3,3144096,A,62.00000000,10.00000000,EUROPE,Norway,NEU
Dienstag,Dienstag,LOC,0.00000000,0.00000000,de,1.80000000,,0,,,,,,
Südspaniens,Südspaniens,LOC,0.00000000,0.55555556,de,1.80000000,,0,,,,,,
Rhön,Rhön,LOC,0.00000000,0.00000000,de,1.80000000,4049862-1,2847557,T,50.50000000,10.00000000,EUROPE,Germany,WCE
Zentrum des Landes,Zentrum des Landes,LOC,-0.38888889,0.00000000,de,1.80000000,,0,,,,,,
Katalonien,Katalonien,LOC,0.00000000,0.00000000,de,1.80000000,4029916-8,3125609,L,42.00000000,2.00000000,EUROPE-AFRICA,Spain,MED
Nordhausen,Nordhausen,LOC,-0.38888889,0.00000000,de,1.80000000,4042532-0,2861982,P,51.50180000,10.79570000,EUROPE,Germany,WCE
Gemeinde,Gemeinde,LOC,0.00000000,0.00000000,de,1.80000000,4062244-7,3042030,P,47.14151000,9.52154000,EUROPE,Liechtenstein,WCE
Qinzhou,Qinzhou,LOC,0.00000000,0.00000000,de,1.80000000,,1797551,P,21.98247000,108.65061000,ASIA,China,EAS
Flutsaison Wohngebiete,Flutsaison Wohngebiete,LOC,0.00000000,0.00000000,de,1.80000000,,0,,,,,,
M…,M…,LOC,0.00000000,0.00000000,de,1.80000000,,0,,,,,,
Nha Trang,Nha Trang,LOC,-0.58333333,0.27777778,de,1.80000000,4669374-9,1572151,P,12.24507000,109.19432000,ASIA,Vietnam,SEA
Festlands,Festlands,LOC,0.00000000,0.00000000,de,1.80000000,,0,,,,,,
Zyklon,Zyklon,LOC,0.00000000,0.00000000,de,1.80000000,,0,,,,,,
Tarragona,Tarragona,LOC,0.00000000,0.00000000,de,1.80000000,4059081-1,3108288,P,41.11905000,1.24544000,EUROPE-AFRICA,Spain,MED
noc…,noc…,LOC,0.00000000,0.00000000,de,1.80000000,,0,,,,,,
Uluru,Uluru,LOC,0.00000000,0.00000000,de,1.80000000,4393392-0,7645281,T,-25.34434000,131.03282000,OCEANIA,Australia,CAU
Atlantik,Atlantik,LOC,-0.38888889,0.00000000,de,1.80000000,4003388-0,2395914,P,6.44852000,2.35566000,AFRICA,Benin,WAF
Müllproblem,Müllproblem,LOC,0.00000000,0.00000000,de,1.80000000,,0,,,,,,
Vogelsberg,Vogelsberg,LOC,0.00000000,0.00000000,de,1.80000000,4063735-9,2816887,T,50.51990000,9.23950000,EUROPE,Germany,WCE
Erzgebirge,Erzgebirge,LOC,0.00000000,0.00000000,de,1.80000000,4015476-2,2929226,T,50.50000000,13.16667000,EUROPE,Czechia,WCE
Schneefallgrenze,Schneefallgrenze,LOC,0.00000000,0.00000000,de,1.80000000,,0,,,,,,
Rostocker Zoo,Rostocker Zoo,LOC,0.00000000,0.00000000,de,1.70000000,,0,,,,,,
Schlammmassen,Schlammmassen,LOC,0.00000000,0.00000000,de,1.70000000,,0,,,,,,
Le…,Le…,LOC,0.00000000,0.00000000,de,1.70000000,,0,,,,,,
Straße in NRW,Straße in NRW,LOC,0.82352941,0.00000000,de,1.70000000,,0,,,,,,
Dominikanischen Republik,Dominikanischen Republik,LOC,-0.41176471,0.00000000,de,1.70000000,,0,,,,,,
Südostasiens,Südostasiens,LOC,-0.58823529,0.00000000,de,1.70000000,,0,,,,,,
Haiti,Haiti,LOC,-0.41176471,0.00000000,de,1.70000000,4022974-9,3723988,A,19.07582000,-72.29616000,CENTRAL-AMERICA,Haiti,CAR
Glatteisgefahr,Glatteisgefahr,LOC,-0.87500000,0.00000000,de,1.60000000,,0,,,,,,
Schneeflocken,Schneeflocken,LOC,0.00000000,0.00000000,de,1.60000000,,0,,,,,,
Äquatorialguinea,Äquatorialguinea,LOC,0.00000000,0.00000000,de,1.60000000,4068436-2,2309096,A,1.70000000,10.50000000,AFRICA,Equatorial Guinea,CAF
Graz,Graz,LOC,-0.43750000,0.00000000,de,1.60000000,4021912-4,2778067,P,47.06733000,15.44197000,EUROPE,Austria,WCE
Blitzeis,Blitzeis,LOC,-1.06250000,0.00000000,de,1.60000000,,0,,,,,,
Niederösterreich,Niederösterreich,LOC,0.00000000,0.62500000,de,1.60000000,4075391-8,2770542,A,48.33333000,15.75000000,EUROPE,Austria,WCE
Niederbayern,Niederbayern,LOC,-0.87500000,0.00000000,de,1.60000000,4034367-4,2881485,P,48.52961000,12.16179000,EUROPE,Germany,WCE
Wochenmitte,Wochenmitte,LOC,-1.80000000,0.00000000,de,1.50000000,,0,,,,,,
São Paulo,São Paulo,LOC,0.00000000,0.00000000,de,1.50000000,4051667-2,3448439,P,-23.54750000,-46.63611000,SOUTH-AMERICA,Brazil,SES
Flughafen BER,Flughafen BER,LOC,-2.71428571,0.00000000,de,1.40000000,,3208171,S,53.04750000,8.78667000,EUROPE,Germany,NEU
Saale,Saale,LOC,0.00000000,0.00000000,de,1.40000000,4051087-6,2842688,P,50.64826000,11.36536000,EUROPE,Germany,WCE
Schnee,Schnee,LOC,-0.50000000,0.00000000,de,1.40000000,,2837468,T,50.72938000,8.54329000,EUROPE,Germany,WCE
Tierpark,Tierpark,LOC,0.00000000,0.00000000,de,1.40000000,,7932052,L,53.59639000,9.93778000,EUROPE,Germany,NEU
gefrierender Regen,gefrierender Regen,LOC,-0.92857143,0.00000000,de,1.40000000,,0,,,,,,
Industrienationen,Industrienationen,LOC,0.00000000,0.71428571,de,1.40000000,,0,,,,,,
Glatteis-Gefahr,Glatteis-Gefahr,LOC,0.00000000,0.00000000,de,1.30000000,,0,,,,,,
Nässe,Nässe,LOC,-1.30769231,0.00000000,de,1.30000000,,12060664,P,63.18374000,17.11035000,EUROPE,Sweden,NEU
Südhälfte Deutschlands,Südhälfte Deutschlands,LOC,0.00000000,0.00000000,de,1.30000000,,0,,,,,,
aufgeblitzt,aufgeblitzt,LOC,0.00000000,0.00000000,de,1.30000000,,0,,,,,,
Thessaloniki,Thessaloniki,LOC,1.30769231,0.00000000,de,1.30000000,4051394-4,734077,P,40.64072000,22.93493000,EUROPE-AFRICA,Greece,MED
Landkreis Wittenberg,Landkreis Wittenberg,LOC,0.00000000,0.00000000,de,1.30000000,4066640-2,7303020,P,51.86610000,12.64973000,EUROPE,Germany,WCE
Kärnten,Kärnten,LOC,0.53846154,0.00000000,de,1.30000000,4029175-3,2774686,A,46.75000000,13.83333000,EUROPE,Austria,WCE
Grundwasserstände,Grundwasserstände,LOC,-1.07692308,0.00000000,de,1.30000000,,0,,,,,,
Null-Grad-Grenzen,Null-Grad-Grenzen,LOC,0.71794872,0.51282051,de,1.30000000,,462258,P,54.55000000,22.68333000,EUROPE,Russia,WCE
Schauern,Schauern,LOC,-0.53846154,0.12820513,de,1.30000000,,11696205,P,48.47195000,13.75239000,EUROPE,Austria,WCE
Schneeschmelze,Schneeschmelze,LOC,0.53846154,0.00000000,de,1.30000000,,0,,,,,,
Bata,Bata,LOC,0.00000000,0.00000000,de,1.30000000,4564489-5,2310046,P,1.86391000,9.76582000,AFRICA,Equatorial Guinea,CAF
Berlin-Brandenburg,Berlin-Brandenburg,LOC,0.00000000,0.00000000,de,1.30000000,,8181624,S,52.36213000,13.50168000,EUROPE,Germany,WCE
Weststeiermark,Weststeiermark,LOC,-0.53846154,0.00000000,de,1.30000000,4079252-3,7873359,A,46.90703000,15.32536000,EUROPE,Austria,WCE
Ausfälle,Ausfälle,LOC,-0.38461538,0.00000000,de,1.30000000,,0,,,,,,
Bächen,Bächen,LOC,0.53846154,0.00000000,de,1.30000000,7761177-9,11584770,P,47.15998000,8.80579000,EUROPE,Switzerland,WCE
Albufeira,Albufeira,LOC,1.16666667,0.00000000,de,1.20000000,4126599-3,8010512,A,37.08341000,-8.26139000,EUROPE-AFRICA,Portugal,MED
Heubach,Heubach,LOC,1.41666667,0.00000000,de,1.20000000,4095193-5,2905154,P,48.79267000,9.93370000,EUROPE,Germany,WCE
Gefrierender Regen,Gefrierender Regen,LOC,0.00000000,0.00000000,de,1.20000000,,0,,,,,,
Düsseldorf,Düsseldorf,LOC,0.58333333,0.00000000,de,1.20000000,4013255-9,2934246,P,51.22172000,6.77616000,EUROPE,Germany,WCE
FDP-Chef,FDP-Chef,LOC,0.00000000,0.00000000,de,1.20000000,,0,,,,,,
Distanzunterricht,Distanzunterricht,LOC,1.75000000,0.00000000,de,1.20000000,,0,,,,,,
Marbella,Marbella,LOC,-1.87500000,0.00000000,de,1.20000000,4132923-5,2514169,P,36.51543000,-4.88583000,EUROPE-AFRICA,Spain,MED
Hamburgs,Hamburgs,LOC,-0.38888889,0.27777778,de,1.20000000,4239189-1,2911298,P,53.55073000,9.99302000,EUROPE,Germany,NEU
Winter-Spaß,Winter-Spaß,LOC,-0.58333333,0.00000000,de,1.20000000,,0,,,,,,
Regenschauer,Regenschauer,LOC,0.00000000,0.00000000,de,1.20000000,,0,,,,,,
Winters,Winters,LOC,0.00000000,0.00000000,de,1.20000000,,5410125,P,38.52491000,-121.97080000,NORTH-AMERICA,United States,WNA
Kreis Wittenberg,Kreis Wittenberg,LOC,-0.58333333,0.00000000,de,1.20000000,254569-X,2807346,S,54.26258000,10.38421000,EUROPE,Germany,NEU
Montagfrüh,Montagfrüh,LOC,0.00000000,0.00000000,de,1.20000000,,0,,,,,,
Berliner Flughafen,Berliner Flughafen,LOC,-0.90909091,0.00000000,de,1.10000000,,0,,,,,,
Vancouver,Vancouver,LOC,0.90909091,0.00000000,de,1.10000000,4119364-7,6173331,P,49.24966000,-123.11934000,NORTH-AMERICA,Canada,WNA
Gl…,Gl…,LOC,0.00000000,0.00000000,de,1.10000000,,0,,,,,,
Stadt München,Stadt München,LOC,0.00000000,0.30303030,de,1.10000000,4245720-8,2867714,P,48.13743000,11.57549000,EUROPE,Germany,WCE
Dortmund,Dortmund,LOC,-0.90909091,0.00000000,de,1.10000000,4012814-3,2935517,P,51.51494000,7.46600000,EUROPE,Germany,WCE
Bundeslands,Bundeslands,LOC,0.00000000,0.00000000,de,1.10000000,,0,,,,,,
Präsenzunterricht,Präsenzunterricht,LOC,0.00000000,0.00000000,de,1.10000000,,0,,,,,,
Thüringer Skigebiete,Thüringer Skigebiete,LOC,0.00000000,0.00000000,de,1.10000000,,0,,,,,,
Surfern,Surfern,LOC,0.95454545,0.45454545,de,1.10000000,,0,,,,,,
Sachsen-Anhalts,Sachsen-Anhalts,LOC,0.00000000,0.00000000,de,1.10000000,,0,,,,,,
Winterwetter,Winterwetter,LOC,-0.90909091,0.00000000,de,1.10000000,,0,,,,,,
lnw,lnw,LOC,0.00000000,0.00000000,de,1.10000000,,6953040,S,52.10500000,-3.63200000,EUROPE,United Kingdom,NEU
Bad Bleiberg,Bad Bleiberg,LOC,0.00000000,0.00000000,de,1.00000000,4388078-2,2781704,P,46.62750000,13.68889000,EUROPE,Austria,WCE
Oberlausitz,Oberlausitz,LOC,0.00000000,0.00000000,de,1.00000000,4042942-8,2859951,L,51.16667000,14.33333000,EUROPE,Germany,WCE
Tropensturm Lala,Tropensturm Lala,LOC,0.70000000,0.00000000,de,1.00000000,,0,,,,,,
Offenbach am Main,Offenbach am Main,LOC,0.00000000,0.00000000,de,1.00000000,4043359-6,2857807,P,50.10061000,8.76647000,EUROPE,Germany,WCE
Verden un,Verden un,LOC,0.00000000,0.00000000,de,1.00000000,4119404-4,2969959,P,46.89692000,5.02127000,EUROPE,France,WCE
Hawaiis,Hawaiis,LOC,-1.00000000,0.00000000,de,1.00000000,,4395656,S,37.19505000,-90.51178000,NORTH-AMERICA,United States,CNA
Feuerinferno,Feuerinferno,LOC,0.00000000,0.00000000,de,1.00000000,,0,,,,,,
Hegau,Hegau,LOC,0.00000000,0.00000000,de,1.00000000,4023974-3,2908250,L,47.75000000,8.83333000,EUROPE,Germany,WCE
Schäden,Schäden,LOC,0.00000000,0.00000000,de,1.00000000,,0,,,,,,
Autobahn 81,Autobahn 81,LOC,0.00000000,0.00000000,de,1.00000000,,0,,,,,,
Wörthersee,Wörthersee,LOC,-0.70000000,0.00000000,de,1.00000000,4030921-6,2774326,P,46.62472000,14.30528000,EUROPE,Austria,WCE
Oberhaus,Oberhaus,LOC,0.00000000,0.00000000,de,1.00000000,7829350-9,2764500,P,46.75000000,14.91667000,EUROPE,Austria,WCE
Tropensturm «Lala,Tropensturm «Lala,LOC,0.70000000,0.00000000,de,1.00000000,,0,,,,,,
Unfallwagens,Unfallwagens,LOC,0.00000000,0.00000000,de,1.00000000,,0,,,,,,
Völkermarkt,Völkermarkt,LOC,0.00000000,0.00000000,de,1.00000000,4108335-0,2762314,A,46.59641000,14.66664000,EUROPE,Austria,WCE
Messegelände,Messegelände,LOC,0.00000000,0.00000000,de,1.00000000,,6944104,S,52.50360000,13.27820000,EUROPE,Germany,WCE
Harburg,Harburg,LOC,0.00000000,0.00000000,de,1.00000000,4094622-8,2910685,P,53.46057000,9.98388000,EUROPE,Germany,NEU
Autobahnen,Autobahnen,LOC,0.00000000,0.00000000,de,1.00000000,,0,,,,,,
Simbach,Simbach,LOC,0.70000000,0.00000000,de,1.00000000,4055032-1,2832043,P,48.26548000,13.02309000,EUROPE,Germany,WCE
Unrat,Unrat,LOC,0.00000000,0.00000000,de,1.00000000,,0,,,,,,
Grundwasserreserven,Grundwasserreserven,LOC,-0.35000000,0.50000000,de,1.00000000,,0,,,,,,
Manilas,Manilas,LOC,0.00000000,0.00000000,de,1.00000000,,8462991,H,27.79968000,-101.98591000,CENTRAL-AMERICA,Mexico,NCA
Darmstadt,Darmstadt,LOC,0.70000000,0.00000000,de,1.00000000,4011077-1,2938913,P,49.87167000,8.65027000,EUROPE,Germany,WCE
Waldbrandgefahr,Waldbrandgefahr,LOC,0.00000000,0.00000000,de,1.00000000,,0,,,,,,
Landkreis Konstanz,Landkreis Konstanz,LOC,0.00000000,0.00000000,de,1.00000000,4194661-3,2885679,P,47.66033000,9.17582000,EUROPE,Switzerland,WCE
Stade,Stade,LOC,0.00000000,0.00000000,de,1.00000000,4056709-6,2829901,P,53.59407000,9.47302000,EUROPE,Germany,NEU
Kilometerlanger Strand,Kilometerlanger Strand,LOC,1.00000000,0.00000000,de,1.00000000,,0,,,,,,
Plastiktonne,Plastiktonne,LOC,0.00000000,0.00000000,de,1.00000000,,0,,,,,,
Ehrengast Bulgarien,Ehrengast Bulgarien,LOC,0.00000000,0.00000000,de,1.00000000,,0,,,,,,
Umschwu…,Umschwu…,LOC,0.00000000,0.00000000,de,1.00000000,,0,,,,,,
Singen,Singen,LOC,0.00000000,0.00000000,de,1.00000000,4055092-8,2831924,P,47.75935000,8.84030000,EUROPE,Germany,WCE
Neudorf bei Landsee,Neudorf bei Landsee,LOC,0.00000000,0.00000000,de,1.00000000,,2770812,P,47.56251000,16.37984000,EUROPE,Austria,WCE
Kommunen,Kommunen,LOC,0.70000000,0.00000000,de,1.00000000,4115052-1,2994935,P,48.30337000,-0.61383000,EUROPE,France,WCE
Cuxhaven,Cuxhaven,LOC,0.00000000,0.00000000,de,1.00000000,4010793-0,2939658,P,53.86828000,8.69902000,EUROPE,Germany,NEU
Dürrenbachs,Dürrenbachs,LOC,0.00000000,0.00000000,de,1.00000000,,0,,,,,,
Freibad,Freibad,LOC,0.00000000,1.00000000,de,1.00000000,,7646795,L,53.46663000,9.04121000,EUROPE,Germany,NEU
Bewohner,Bewohner,LOC,0.00000000,0.00000000,de,1.00000000,,0,,,,,,
Diepholz,Diepholz,LOC,0.00000000,0.00000000,de,1.00000000,4012201-3,2937317,P,52.60783000,8.37005000,EUROPE,Germany,WCE
Autobahn 20,Autobahn 20,LOC,0.00000000,0.00000000,de,1.00000000,,0,,,,,,
Mat…,Mat…,LOC,0.00000000,0.00000000,de,1.00000000,,0,,,,,,
Bezirk Hermagor,Bezirk Hermagor,LOC,0.00000000,0.00000000,de,1.00000000,4024502-0,2776496,A,46.63137000,13.13246000,EUROPE,Austria,WCE
Klagenfurter Becken,Klagenfurter Becken,LOC,0.00000000,0.00000000,de,1.00000000,,0,,,,,,
lhe,lhe,LOC,0.00000000,0.00000000,de,1.00000000,4034107-0,1172451,P,31.55800000,74.35071000,ASIA,Pakistan,WCA
Rheins,Rheins,LOC,0.00000000,0.00000000,de,1.00000000,,0,,,,,,
Hagenow,Hagenow,LOC,-1.00000000,0.00000000,de,1.00000000,4322560-3,2912481,P,53.43203000,11.19165000,EUROPE,Germany,WCE
Kreis Waldshut,Kreis Waldshut,LOC,0.00000000,0.00000000,de,1.00000000,,0,,,,,,
Niederösterreichs,Niederösterreichs,LOC,0.00000000,0.00000000,de,1.00000000,,0,,,,,,
Kindertagesstätten,Kindertagesstätten,LOC,-0.70000000,0.00000000,de,1.00000000,,0,,,,,,
Unwetter-Risiko,Unwetter-Risiko,LOC,0.00000000,0.00000000,de,1.00000000,,0,,,,,,
Alarmbereitschaft,Alarmbereitschaft,LOC,0.00000000,0.00000000,de,1.00000000,,0,,,,,,
Sant Josep,Sant Josep,LOC,0.00000000,0.00000000,de,1.00000000,,2511352,P,38.92239000,1.29437000,EUROPE-AFRICA,Spain,MED
Eivissas Altstadt,Eivissas Altstadt,LOC,0.85000000,0.00000000,de,1.00000000,,0,,,,,,
Hagelschaden,Hagelschaden,LOC,0.00000000,0.00000000,de,1.00000000,,0,,,,,,
Mitschülers,Mitschülers,LOC,-1.00000000,0.00000000,de,1.00000000,,0,,,,,,
Landesamt für Umwelt- und Arbeitsschutz Saarland,Landesamt für Umwelt- und Arbeitsschutz Saarland,LOC,0.70000000,0.00000000,de,1.00000000,,0,,,,,,
Donnerstagnachmittag,Donnerstagnachmittag,LOC,0.00000000,0.00000000,de,1.00000000,,0,,,,,,
Westens,Westens,LOC,0.00000000,0.00000000,de,1.00000000,,6944077,S,52.50170000,13.34110000,EUROPE,Germany,WCE
Tagen,Tagen,LOC,0.00000000,0.00000000,de,1.00000000,,2563990,L,36.01583000,14.33361000,EUROPE-AFRICA,Malta,MED
Voitsberg,Voitsberg,LOC,0.00000000,0.00000000,de,1.00000000,4108364-7,2762326,A,47.05000000,15.10000000,EUROPE,Austria,WCE
Bezirk Neusiedl am See,Bezirk Neusiedl am See,LOC,0.00000000,0.00000000,de,1.00000000,4101143-0,2770684,P,47.94901000,16.84170000,EUROPE,Austria,WCE
Welfen-Gymnasium,Welfen-Gymnasium,LOC,-1.00000000,0.00000000,de,1.00000000,,0,,,,,,
Nordens,Nordens,LOC,0.00000000,0.00000000,de,1.00000000,,6618480,S,54.91413000,-1.58949000,EUROPE,United Kingdom,NEU
e…,e…,LOC,0.70000000,0.00000000,de,1.00000000,,0,,,,,,
Bezirk Rohrbach,Bezirk Rohrbach,LOC,0.00000000,0.00000000,de,1.00000000,,2767290,A,48.55739000,13.96926000,EUROPE,Austria,WCE
Hitze-Liveblog,Hitze-Liveblog,LOC,0.00000000,0.00000000,de,1.00000000,,0,,,,,,
Paris,Paris,LOC,0.70000000,0.00000000,de,1.00000000,4044660-8,2988507,P,48.85341000,2.34880000,EUROPE,France,WCE
Helfenberg,Helfenberg,LOC,0.00000000,0.00000000,de,1.00000000,4697638-3,2776536,P,48.54428000,14.14215000,EUROPE,Austria,WCE
Wohn-,Wohn-,LOC,0.00000000,0.00000000,de,1.00000000,,2273007,P,6.59458000,-10.01097000,AFRICA,Liberia,WAF
Seine,Seine,LOC,0.70000000,0.00000000,de,1.00000000,4054330-4,3020020,P,48.95350000,2.31514000,EUROPE,France,WCE
Fischsterben,Fischsterben,LOC,-1.00000000,0.00000000,de,1.00000000,,0,,,,,,
Unwetterwarnung Amoklauf,Unwetterwarnung Amoklauf,LOC,-1.00000000,0.00000000,de,1.00000000,,0,,,,,,
Monsun-Regens,Monsun-Regens,LOC,0.00000000,0.00000000,de,1.00000000,,0,,,,,,
Braunsbach,Braunsbach,LOC,0.00000000,0.00000000,de,1.00000000,4008062-6,2945043,P,49.19917000,9.79056000,EUROPE,Germany,WCE
La Marina,La Marina,LOC,0.00000000,0.00000000,de,1.00000000,,8583483,A,23.72796000,-98.03044000,CENTRAL-AMERICA,Mexico,NCA
Stadtgeb…,Stadtgeb…,LOC,0.00000000,0.00000000,de,1.00000000,,0,,,,,,
Lottstetten,Lottstetten,LOC,0.00000000,0.00000000,de,1.00000000,310444-8,2875738,P,47.63333000,8.56667000,EUROPE,Germany,WCE
Biergarten,Biergarten,LOC,0.00000000,0.00000000,de,1.00000000,,7284845,S,47.69701000,9.27082000,EUROPE,Germany,WCE
Badesee,Badesee,LOC,0.00000000,0.00000000,de,1.00000000,,12003738,L,46.75199000,9.12297000,EUROPE,Switzerland,WCE
Essen,Essen,LOC,0.00000000,0.00000000,de,1.00000000,4015557-2,2928810,P,51.45657000,7.01228000,EUROPE,Germany,WCE
Azteken-Stadion,Azteken-Stadion,LOC,0.00000000,0.00000000,de,1.00000000,,0,,,,,,
Bundesrepublik,Bundesrepublik,LOC,-1.00000000,0.00000000,de,1.00000000,4011889-7,11612754,A,50.73389000,7.09972000,EUROPE,Germany,WCE
Bonn,Bonn,LOC,0.00000000,0.00000000,de,1.00000000,4007666-0,6296510,S,50.87894000,7.12292000,EUROPE,Germany,WCE
Grundwasser,Grundwasser,LOC,0.35000000,0.50000000,de,1.00000000,,0,,,,,,
Gewitter …,Gewitter …,LOC,0.00000000,0.00000000,de,1.00000000,,0,,,,,,
Uttar Pradesh,Uttar Pradesh,LOC,0.00000000,0.00000000,de,1.00000000,4062226-5,1253626,A,27.25000000,80.75000000,ASIA,India,SAS
Tessin,Tessin,LOC,-0.70000000,0.00000000,de,1.00000000,4078208-6,2658370,A,46.28455000,8.79065000,EUROPE,Switzerland,WCE
Rahmen</li><li>,Rahmen</li><li>,LOC,0.23333333,0.66666667,de,1.00000000,,0,,,,,,
Bezirk Neunkirchen,Bezirk Neunkirchen,LOC,0.00000000,0.00000000,de,1.00000000,,2770710,A,47.69424000,15.93783000,EUROPE,Austria,WCE
Flutwelle,Flutwelle,LOC,0.00000000,0.00000000,de,1.00000000,,0,,,,,,
Türkei,Türkei,LOC,0.00000000,0.00000000,de,1.00000000,4061163-2,298795,A,39.00000000,35.00000000,EUROPE-AFRICA,Turkey,MED
Wetterkarten,Wetterkarten,LOC,0.00000000,0.00000000,de,1.00000000,,0,,,,,,
Polizeiangaben,Polizeiangaben,LOC,-0.70000000,0.00000000,de,1.00000000,,0,,,,,,
Kärntner,Kärntner,LOC,0.00000000,1.00000000,de,1.00000000,,3217862,P,46.44913000,14.11135000,EUROPE,Slovenia,WCE
Land,Land,LOC,0.00000000,0.00000000,de,1.00000000,,3421288,L,81.90000000,-56.75000000,POLAR,Greenland,GIC
Ibiza-Stadt,Ibiza-Stadt,LOC,0.00000000,0.00000000,de,1.00000000,,2516479,P,38.90883000,1.43296000,EUROPE-AFRICA,Spain,MED
Stürmische Böen,Stürmische Böen,LOC,-1.00000000,0.00000000,de,1.00000000,,0,,,,,,
San Antonio,San Antonio,LOC,0.00000000,0.00000000,de,1.00000000,4124107-1,4726206,P,29.42412000,-98.49363000,CENTRAL-AMERICA,United States,NCA
Unwetter-Folgen,Unwetter-Folgen,LOC,0.00000000,0.00000000,de,1.00000000,,0,,,,,,
Oberfranken,Oberfranken,LOC,0.00000000,0.00000000,de,1.00000000,4049080-4,2849446,P,50.24921000,12.03422000,EUROPE,Germany,WCE
Klagenfurt,Klagenfurt,LOC,-0.70000000,0.00000000,de,1.00000000,4030921-6,2774326,P,46.62472000,14.30528000,EUROPE,Austria,WCE
Land zuströmen,Land zuströmen,LOC,0.70000000,0.00000000,de,1.00000000,,0,,,,,,
Fürther,Fürther,LOC,0.00000000,0.00000000,de,1.00000000,,3334559,T,47.15000000,12.43333000,EUROPE,Austria,WCE
Steffi-Graf-Stadion,Steffi-Graf-Stadion,LOC,0.00000000,0.00000000,de,1.00000000,,0,,,,,,
Helgoland,Helgoland,LOC,0.00000000,0.00000000,de,1.00000000,4024291-2,2906947,T,54.18213000,7.88458000,EUROPE,Germany,NEU
Absage,Absage,LOC,0.00000000,0.00000000,de,1.00000000,,0,,,,,,
Ostsee,Ostsee,LOC,0.00000000,0.00000000,de,1.00000000,4021328-6,2919765,P,54.83503000,9.55218000,EUROPE,Germany,NEU
Verkehrsministerium,Verkehrsministerium,LOC,0.00000000,1.00000000,de,1.00000000,,0,,,,,,
Newsblog,Newsblog,LOC,0.00000000,0.00000000,de,1.00000000,,0,,,,,,
Kaltfront,Kaltfront,LOC,-0.70000000,0.00000000,de,1.00000000,,0,,,,,,
Olympiastadion,Olympiastadion,LOC,0.00000000,0.00000000,de,1.00000000,,6956577,S,60.18699000,24.92718000,EUROPE,Finland,NEU
Norditalien,Norditalien,LOC,0.70000000,0.00000000,de,1.00000000,,0,,,,,,
Berliner Olympiastadion,Berliner Olympiastadion,LOC,-0.70000000,0.00000000,de,1.00000000,,0,,,,,,
Niederschlagsmengen,Niederschlagsmengen,LOC,0.00000000,0.00000000,de,1.00000000,,0,,,,,,
schaut,schaut,LOC,0.00000000,0.00000000,de,1.00000000,,5009078,H,45.31196000,-83.56137000,NORTH-AMERICA,United States,ENA
Südtirol,Südtirol,LOC,0.00000000,0.00000000,de,1.00000000,4060814-1,3165244,A,46.50000000,11.33333000,EUROPE,Italy,WCE
Meran …,Meran …,LOC,0.00000000,0.00000000,de,1.00000000,,0,,,,,,
Äste,Äste,LOC,0.00000000,0.00000000,de,1.00000000,,0,,,,,,
Stadt Cottbus,Stadt Cottbus,LOC,0.00000000,0.00000000,de,1.00000000,4070126-8,2939811,P,51.75769000,14.32888000,EUROPE,Germany,WCE
Brandenburger,Brandenburger,LOC,0.00000000,0.00000000,de,1.00000000,,2864052,V,52.35000000,12.50000000,EUROPE,Germany,WCE
Unwetterwarnungen,Unwetterwarnungen,LOC,0.00000000,0.00000000,de,1.00000000,,0,,,,,,
Hauptstadt,Hauptstadt,LOC,-0.70000000,0.00000000,de,1.00000000,4076310-9,3067696,P,50.08804000,14.42076000,EUROPE,Czechia,WCE
Dürrejahr,Dürrejahr,LOC,0.00000000,0.00000000,de,1.00000000,,0,,,,,,
Alarmstufe Rot,Alarmstufe Rot,LOC,0.00000000,0.00000000,de,1.00000000,,0,,,,,,
krachen,krachen,LOC,0.00000000,0.00000000,de,1.00000000,,8196893,P,14.52586000,100.47656000,ASIA,Thailand,SEA
Extremwetter,Extremwetter,LOC,0.00000000,0.00000000,de,1.00000000,,0,,,,,,
Weltwetterorganisation WMO,Weltwetterorganisation WMO,LOC,0.00000000,0.00000000,de,1.00000000,,0,,,,,,
Hochwechsel,Hochwechsel,LOC,0.00000000,0.00000000,de,1.00000000,4809754-8,2775900,T,47.53333000,15.90000000,EUROPE,Austria,WCE
Sachsen-Anahalt,Sachsen-Anahalt,LOC,-0.70000000,0.00000000,de,1.00000000,,0,,,,,,
Schneeberg,Schneeberg,LOC,0.00000000,0.00000000,de,1.00000000,,2837492,T,49.47559000,6.42919000,EUROPE,Germany,WCE
Mürzzuschlag,Mürzzuschlag,LOC,0.00000000,0.00000000,de,1.00000000,4101749-3,8604686,A,47.41880000,15.27512000,EUROPE,Austria,WCE
Wasserpegel,Wasserpegel,LOC,0.00000000,0.00000000,de,1.00000000,,0,,,,,,
Schlammlawine,Schlammlawine,LOC,0.00000000,0.00000000,de,1.00000000,,0,,,,,,
Straßenmeistereien,Straßenmeistereien,LOC,0.00000000,1.00000000,de,1.00000000,,0,,,,,,
Norwegen-Senegal,Norwegen-Senegal,LOC,-0.70000000,0.00000000,de,1.00000000,,0,,,,,,
steirischen Freibadbetreibern,steirischen Freibadbetreibern,LOC,0.00000000,0.00000000,de,1.00000000,,0,,,,,,
Startlöchern,Startlöchern,LOC,0.00000000,0.00000000,de,1.00000000,,0,,,,,,
Oberwart,Oberwart,LOC,0.00000000,0.00000000,de,1.00000000,4043013-3,2769623,P,47.28971000,16.20595000,EUROPE,Austria,WCE
Unwetter Rheinland-Pfalz,Unwetter Rheinland-Pfalz,LOC,0.70000000,0.00000000,de,1.00000000,,0,,,,,,
Hitze-News,Hitze-News,LOC,-1.00000000,0.00000000,de,1.00000000,,0,,,,,,
Sonntag,Sonntag,LOC,0.00000000,1.00000000,de,1.00000000,,6625700,T,-84.91667000,-86.75000000,POLAR,Antarctica,EAN
Sonntagmittag,Sonntagmittag,LOC,0.00000000,0.00000000,de,1.00000000,,0,,,,,,
Wochenendpläne,Wochenendpläne,LOC,-0.70000000,0.00000000,de,1.00000000,,0,,,,,,
Tirols,Tirols,LOC,0.00000000,0.00000000,de,1.00000000,,0,,,,,,
Gepäck,Gepäck,LOC,0.00000000,0.00000000,de,1.00000000,,0,,,,,,
Oberpullendorf,Oberpullendorf,LOC,0.00000000,0.00000000,de,1.00000000,4402257-8,2769811,A,47.50184000,16.50593000,EUROPE,Austria,WCE
Rhein-Main-Gebiet,Rhein-Main-Gebiet,LOC,-0.70000000,0.00000000,de,1.00000000,4049799-9,2847616,L,50.00000000,8.66667000,EUROPE,Germany,WCE
Niedersachs…,Niedersachs…,LOC,-0.70000000,0.00000000,de,1.00000000,,0,,,,,,
naht,naht,LOC,0.00000000,0.00000000,de,1.00000000,,8736945,A,14.73799000,43.61333000,ASIA,Yemen,ARP
Neudorf,Neudorf,LOC,0.00000000,0.00000000,de,1.00000000,,12824310,A,50.71007000,-103.01368000,NORTH-AMERICA,Canada,NEN
Landsee,Landsee,LOC,0.00000000,0.00000000,de,1.00000000,4648813-3,2770812,P,47.56251000,16.37984000,EUROPE,Austria,WCE
Konzert,Konzert,LOC,0.00000000,0.00000000,de,1.00000000,,0,,,,,,
Stresstest,Stresstest,LOC,0.00000000,0.00000000,de,1.00000000,,0,,,,,,
Hitzerekord,Hitzerekord,LOC,0.00000000,0.00000000,de,1.00000000,,0,,,,,,
sonnig,sonnig,LOC,0.70000000,0.00000000,de,1.00000000,,954069,P,-31.33522000,25.54946000,AFRICA,South Africa,ESAF
Höchsttemperaturen,Höchsttemperaturen,LOC,0.70000000,0.00000000,de,1.00000000,,0,,,,,,
Frankreich-Spiel,Frankreich-Spiel,LOC,0.00000000,0.00000000,de,1.00000000,,0,,,,,,
Schweden,Schweden,LOC,-0.70000000,0.00000000,de,1.00000000,4077258-5,2661886,A,62.00000000,15.00000000,EUROPE,Sweden,NEU
Senegal,Senegal,LOC,0.00000000,0.00000000,de,1.00000000,4054529-5,2245662,A,14.50000000,-14.25000000,AFRICA,Senegal,WAF
New Yorks,New Yorks,LOC,0.00000000,0.00000000,de,1.00000000,,4983664,L,43.18370000,-70.61116000,NORTH-AMERICA,United States,ENA
Salzburgs,Salzburgs,LOC,0.00000000,1.00000000,de,1.00000000,,0,,,,,,
Flugausfälle,Flugausfälle,LOC,0.00000000,0.00000000,de,1.00000000,,0,,,,,,
Landesstraßen,Landesstraßen,LOC,0.00000000,0.00000000,de,1.00000000,,0,,,,,,
Semmering-Wechsel,Semmering-Wechsel,LOC,1.00000000,0.00000000,de,1.00000000,,0,,,,,,
Mais,Mais,LOC,0.00000000,0.00000000,de,1.00000000,,3382188,L,3.63615000,-53.07146000,SOUTH-AMERICA,French Guiana,NSA
Fürth,Fürth,LOC,-0.70000000,0.00000000,de,1.00000000,4018827-9,2923544,P,49.47593000,10.98856000,EUROPE,Germany,WCE
b…,b…,LOC,0.00000000,0.00000000,de,1.00000000,,0,,,,,,
Hagel,Hagel,LOC,-1.00000000,0.00000000,de,1.00000000,,5968859,H,57.13837000,-97.26691000,NORTH-AMERICA,Canada,NEN
hochsommerlich,hochsommerlich,LOC,0.70000000,0.00000000,de,1.00000000,,0,,,,,,
Stuttgart/Heidenheim,Stuttgart/Heidenheim,LOC,-0.70000000,0.00000000,de,1.00000000,4024007-1,2907851,P,48.67798000,10.15162000,EUROPE,Germany,WCE
Kerrville,Kerrville,LOC,0.00000000,0.00000000,de,1.00000000,,4738882,S,29.97764000,-99.08708000,CENTRAL-AMERICA,United States,NCA
US-Bundesstaat Missouri,US-Bundesstaat Missouri,LOC,0.00000000,0.00000000,de,1.00000000,,0,,,,,,
Gewitterband,Gewitterband,LOC,0.00000000,0.00000000,de,1.00000000,,0,,,,,,
Texas Hill,Texas Hill,LOC,0.00000000,0.00000000,de,1.00000000,,4679803,P,32.58847000,-96.95612000,NORTH-AMERICA,United States,CNA
Kreis Steinfurt,Kreis Steinfurt,LOC,0.00000000,0.00000000,de,1.00000000,4057171-3,2828105,P,52.15045000,7.33664000,EUROPE,Germany,WCE
Bezirk Oberpullendorf,Bezirk Oberpullendorf,LOC,0.00000000,0.00000000,de,1.00000000,4802304-8,2769811,A,47.50184000,16.50593000,EUROPE,Austria,WCE
Wolkendecke brec…,Wolkendecke brec…,LOC,0.00000000,0.00000000,de,1.00000000,,0,,,,,,
Wetterwechsel,Wetterwechsel,LOC,0.00000000,0.00000000,de,1.00000000,,0,,,,,,
Ahrtal-Katastrophe,Ahrtal-Katastrophe,LOC,0.00000000,1.00000000,de,1.00000000,,0,,,,,,
Pflanzenwelt,Pflanzenwelt,LOC,0.70000000,0.00000000,de,1.00000000,,0,,,,,,
gewittern,gewittern,LOC,0.00000000,0.00000000,de,1.00000000,,0,,,,,,
Orange Unwetterwarnung für Unterland,Orange Unwetterwarnung für Unterland,LOC,0.00000000,0.00000000,de,1.00000000,,0,,,,,,
Gewitterfront,Gewitterfront,LOC,0.00000000,0.00000000,de,1.00000000,,0,,,,,,
Indischen Ozean,Indischen Ozean,LOC,0.70000000,0.00000000,de,1.00000000,,0,,,,,,
Eigenheim,Eigenheim,LOC,0.00000000,1.00000000,de,1.00000000,,2832570,P,52.76667000,13.20000000,EUROPE,Germany,WCE
Unwetter-Walze,Unwetter-Walze,LOC,0.00000000,0.00000000,de,1.00000000,,0,,,,,,
Wetterdienst,Wetterdienst,LOC,-0.70000000,0.00000000,de,1.00000000,,0,,,,,,
Haus“,Haus“,LOC,0.00000000,0.00000000,de,1.00000000,,0,,,,,,
Landkreis Aurich,Landkreis Aurich,LOC,0.00000000,0.00000000,de,1.00000000,4003660-1,2954006,P,53.46963000,7.48239000,EUROPE,Germany,NEU
Manila,Manila,LOC,0.70000000,0.00000000,de,1.00000000,4037344-7,1701668,P,14.60420000,120.98220000,ASIA,Philippines,SEA
Aurich,Aurich,LOC,0.00000000,0.00000000,de,1.00000000,4003660-1,2954006,P,53.46963000,7.48239000,EUROPE,Germany,NEU
Wiesmoor,Wiesmoor,LOC,0.00000000,0.00000000,de,1.00000000,4194772-1,6558477,A,53.41290000,7.71717000,EUROPE,Germany,NEU
Großefehn,Großefehn,LOC,0.00000000,0.00000000,de,1.00000000,127924058X,2870911,P,53.39049000,7.56052000,EUROPE,Germany,NEU
Kreis Aurich,Kreis Aurich,LOC,-1.00000000,0.00000000,de,1.00000000,,0,,,,,,
chars,chars,LOC,0.70000000,0.00000000,de,1.00000000,,3026474,P,49.16032000,1.93669000,EUROPE,France,WCE
Regensburg,Regensburg,LOC,-1.00000000,0.00000000,de,1.00000000,4048989-9,2849483,P,49.01513000,12.10161000,EUROPE,Germany,WCE
Passau,Passau,LOC,-1.00000000,0.00000000,de,1.00000000,4044828-9,2855328,P,48.56650000,13.43122000,EUROPE,Germany,WCE
Hengzhou,Hengzhou,LOC,0.00000000,0.00000000,de,1.00000000,4252150-6,1797270,P,38.62085000,114.70388000,ASIA,China,EAS
Städten,Städten,LOC,-0.70000000,0.00000000,de,1.00000000,,2829788,P,51.03333000,12.85000000,EUROPE,Germany,WCE
Baden-Württemberg w,Baden-Württemberg w,LOC,0.00000000,0.00000000,de,1.00000000,4088446-6,2947949,P,48.41215000,9.78427000,EUROPE,Germany,WCE
US-Präsident,US-Präsident,LOC,-1.00000000,0.00000000,de,1.00000000,,0,,,,,,
Wetter-App,Wetter-App,LOC,1.00000000,0.00000000,de,1.00000000,,0,,,,,,
Gewitter-Chaos,Gewitter-Chaos,LOC,0.00000000,0.00000000,de,1.00000000,,0,,,,,,
Düssel,Düssel,LOC,0.00000000,0.00000000,de,1.00000000,1024414264,2934250,H,51.21667000,6.75000000,EUROPE,Germany,WCE
Mönchengladbach,Mönchengladbach,LOC,0.00000000,0.00000000,de,1.00000000,119050-7,2869894,P,51.18539000,6.44172000,EUROPE,Germany,WCE
Baden-Würrtemberg,Baden-Würrtemberg,LOC,0.00000000,0.00000000,de,1.00000000,,0,,,,,,
Extremgewitter,Extremgewitter,LOC,-0.70000000,0.00000000,de,1.00000000,,0,,,,,,
Exoplanet WASP-121b,Exoplanet WASP-121b,LOC,0.00000000,0.00000000,de,1.00000000,,0,,,,,,
Al…,Al…,LOC,0.00000000,0.00000000,de,1.00000000,,0,,,,,,
Italiener,Italiener,LOC,0.00000000,0.00000000,de,1.00000000,,12216629,R,46.60614000,13.84133000,EUROPE,Austria,WCE
Hitzegewitter mit Starkregen,Hitzegewitter mit Starkregen,LOC,0.00000000,0.00000000,de,1.00000000,,0,,,,,,
Innsbruck,Innsbruck,LOC,0.00000000,0.00000000,de,1.00000000,4027096-8,2775220,P,47.26266000,11.39454000,EUROPE,Austria,WCE
Trump-Rede,Trump-Rede,LOC,0.00000000,0.00000000,de,1.00000000,,0,,,,,,
US-Hauptstadt,US-Hauptstadt,LOC,0.00000000,0.00000000,de,1.00000000,,9959488,S,50.08623000,14.38744000,EUROPE,Czechia,WCE
Abendstunden,Abendstunden,LOC,0.00000000,0.00000000,de,1.00000000,,0,,,,,,
Rosenheim,Rosenheim,LOC,-1.00000000,0.00000000,de,1.00000000,4050554-6,2844988,P,47.85637000,12.12247000,EUROPE,Germany,WCE
Bad Gastein,Bad Gastein,LOC,0.00000000,0.00000000,de,1.00000000,4086227-6,2782058,P,47.11547000,13.13467000,EUROPE,Austria,WCE
Bad…,Bad…,LOC,0.00000000,0.00000000,de,1.00000000,,0,,,,,,
Universität Graz,Universität Graz,LOC,0.00000000,0.00000000,de,1.00000000,,6697819,S,47.06865000,15.45006000,EUROPE,Austria,WCE
Freiburg,Freiburg,LOC,0.70000000,0.00000000,de,1.00000000,4018272-1,2925177,P,47.99590000,7.85222000,EUROPE,Germany,WCE
Bundesstraße 27,Bundesstraße 27,LOC,0.00000000,0.00000000,de,1.00000000,,0,,,,,,
Fachschulen Hatzendorf,Fachschulen Hatzendorf,LOC,0.00000000,0.00000000,de,1.00000000,,0,,,,,,
Liulan-Stausee,Liulan-Stausee,LOC,0.00000000,0.00000000,de,1.00000000,,0,,,,,,
Blitzen,Blitzen,LOC,-1.00000000,0.00000000,de,1.00000000,,5701685,T,41.33657000,-116.25620000,NORTH-AMERICA,United States,WNA
Wartezeiten,Wartezeiten,LOC,1.00000000,0.00000000,de,1.00000000,,0,,,,,,
Elementarschutz,Elementarschutz,LOC,0.00000000,1.00000000,de,1.00000000,,0,,,,,,
Freitag Wassermassen,Freitag Wassermassen,LOC,0.00000000,0.00000000,de,1.00000000,,0,,,,,,
Ausnahmezustand,Ausnahmezustand,LOC,0.00000000,1.00000000,de,1.00000000,,0,,,,,,
Wiesen,Wiesen,LOC,0.00000000,0.00000000,de,1.00000000,4252519-6,2761306,P,47.73776000,16.33798000,EUROPE,Austria,WCE
Risikogebieten,Risikogebieten,LOC,0.00000000,0.00000000,de,1.00000000,,0,,,,,,
Provinz Songkhla,Provinz Songkhla,LOC,-1.00000000,0.00000000,de,1.00000000,,0,,,,,,
Indonesiens,Indonesiens,LOC,0.70000000,0.00000000,de,1.00000000,,0,,,,,,
Malaysias,Malaysias,LOC,0.70000000,0.00000000,de,1.00000000,,0,,,,,,
Thailands,Thailands,LOC,0.70000000,0.00000000,de,1.00000000,,0,,,,,,
Behördenangaben,Behördenangaben,LOC,0.00000000,0.00000000,de,1.00000000,,0,,,,,,
Obdach,Obdach,LOC,0.00000000,0.00000000,de,1.00000000,4526902-6,2770390,P,47.06667000,14.68333000,EUROPE,Austria,WCE
Hochwasserkatastrophe,Hochwasserkatastrophe,LOC,0.00000000,0.00000000,de,1.00000000,,0,,,,,,
Insel Sumatra,Insel Sumatra,LOC,0.00000000,1.00000000,de,1.00000000,,0,,,,,,
Opferbilanz,Opferbilanz,LOC,0.00000000,0.00000000,de,1.00000000,,0,,,,,,
Opferb…,Opferb…,LOC,-0.70000000,0.00000000,de,1.00000000,,0,,,,,,
Bedrängnis,Bedrängnis,LOC,0.00000000,0.00000000,de,1.00000000,,0,,,,,,
Bangkok,Bangkok,LOC,-1.00000000,0.00000000,de,1.00000000,4004432-4,1609350,P,13.75398000,100.50144000,ASIA,Thailand,SEA
Byron,Byron,LOC,0.00000000,0.00000000,de,1.00000000,,4886188,P,42.12697000,-89.25566000,NORTH-AMERICA,United States,ENA
Rafah,Rafah,LOC,0.70000000,0.00000000,de,1.00000000,4701020-4,281102,P,31.29722000,34.24357000,EUROPE-AFRICA,Palestinian Territory,MED
Kha…,Kha…,LOC,0.70000000,0.00000000,de,1.00000000,,0,,,,,,
US-Nordwesten,US-Nordwesten,LOC,0.00000000,0.00000000,de,1.00000000,,0,,,,,,
British Columbia,British Columbia,LOC,-0.70000000,0.00000000,de,1.00000000,4069670-4,7281922,L,49.08333000,-122.35000000,NORTH-AMERICA,Canada,WNA
Südthailand,Südthailand,LOC,0.00000000,0.00000000,de,1.00000000,,0,,,,,,
Maxhütte-Haidhof,Maxhütte-Haidhof,LOC,-1.00000000,0.00000000,de,1.00000000,4038071-3,2872670,P,49.19963000,12.09229000,EUROPE,Germany,WCE
Autobahn 93,Autobahn 93,LOC,-1.00000000,0.00000000,de,1.00000000,,0,,,,,,
Brazzan…,Brazzan…,LOC,0.00000000,0.00000000,de,1.00000000,,0,,,,,,
Hauseinstürzen,Hauseinstürzen,LOC,0.00000000,0.00000000,de,1.00000000,,0,,,,,,
Gorizia,Gorizia,LOC,0.00000000,0.00000000,de,1.00000000,4071921-2,3175986,P,45.94088000,13.62167000,EUROPE,Slovenia,WCE
Corm…,Corm…,LOC,0.00000000,0.00000000,de,1.00000000,,0,,,,,,
Friaul-Julisch Venetien,Friaul-Julisch Venetien,LOC,0.00000000,0.00000000,de,1.00000000,,3176525,A,46.00000000,13.00000000,EUROPE,Italy,WCE
Cormons,Cormons,LOC,0.00000000,0.00000000,de,1.00000000,4230237-7,3178085,P,45.95531000,13.46683000,EUROPE,Italy,WCE
Brazzano,Brazzano,LOC,0.00000000,0.00000000,de,1.00000000,,3181594,P,45.97557000,13.45442000,EUROPE,Italy,WCE
Haus von Schlammmassen,Haus von Schlammmassen,LOC,0.00000000,0.00000000,de,1.00000000,,0,,,,,,
Regen-Front,Regen-Front,LOC,0.00000000,0.00000000,de,1.00000000,,0,,,,,,
A93,A93,LOC,0.00000000,0.00000000,de,1.00000000,,0,,,,,,
Wetterexperten,Wetterexperten,LOC,-0.70000000,0.00000000,de,1.00000000,,0,,,,,,
Regenwand r…,Regenwand r…,LOC,-0.70000000,0.00000000,de,1.00000000,,0,,,,,,
Dak Lak,Dak Lak,LOC,0.00000000,1.00000000,de,1.00000000,4816783-6,1586896,P,12.66747000,108.03775000,ASIA,Vietnam,SEA
Ferieninsel Korfu,Ferieninsel Korfu,LOC,0.00000000,0.00000000,de,1.00000000,,0,,,,,,
Insel Korfu,Insel Korfu,LOC,0.00000000,0.00000000,de,1.00000000,,0,,,,,,
Provinz Đắk Lắk,Provinz Đắk Lắk,LOC,0.00000000,0.00000000,de,1.00000000,,0,,,,,,
Würzburg,Würzburg,LOC,-0.70000000,0.00000000,de,1.00000000,4067037-5,2805615,P,49.79391000,9.95121000,EUROPE,Germany,WCE
Notunterkünften,Notunterkünften,LOC,0.00000000,0.00000000,de,1.00000000,,0,,,,,,
Krankenhäuser,Krankenhäuser,LOC,0.00000000,0.00000000,de,1.00000000,,0,,,,,,
Sauerland,Sauerland,LOC,0.00000000,0.00000000,de,1.00000000,4058620-0,2824655,P,51.32810000,8.00369000,EUROPE,Germany,WCE
Altstadt,Altstadt,LOC,0.00000000,0.00000000,de,1.00000000,,11669492,P,53.55018000,9.94653000,EUROPE,Germany,NEU
Abendstunden Sturmböen,Abendstunden Sturmböen,LOC,-1.00000000,0.00000000,de,1.00000000,,0,,,,,,
Kassel/Frankfurt/Darmstadt,Kassel/Frankfurt/Darmstadt,LOC,-0.85000000,0.00000000,de,1.00000000,,0,,,,,,
Wilhelmshaven,Wilhelmshaven,LOC,-1.00000000,0.00000000,de,1.00000000,4066173-8,2808720,P,53.52998000,8.11253000,EUROPE,Germany,NEU
F…,F…,LOC,-1.00000000,0.00000000,de,1.00000000,,0,,,,,,
Wildpark Schwarze Berge,Wildpark Schwarze Berge,LOC,0.00000000,0.00000000,de,1.00000000,,0,,,,,,
Landkreis Harburg,Landkreis Harburg,LOC,0.00000000,0.00000000,de,1.00000000,4023414-9,2910686,P,48.78674000,10.68927000,EUROPE,Germany,WCE
Un…,Un…,LOC,0.00000000,0.00000000,de,1.00000000,,0,,,,,,
Schaufel,Schaufel,LOC,0.00000000,0.00000000,de,1.00000000,7832124-4,2840157,T,51.00000000,11.40000000,EUROPE,Germany,WCE
Uckermark,Uckermark,LOC,-0.70000000,0.00000000,de,1.00000000,4061353-7,2820521,L,53.11667000,13.50000000,EUROPE,Germany,WCE
Norddeutschland,Norddeutschland,LOC,0.00000000,1.00000000,de,1.00000000,4075454-6,11978817,T,51.47087000,6.56787000,EUROPE,Germany,WCE
Samstagmorgen,Samstagmorgen,LOC,-0.70000000,0.00000000,de,1.00000000,,0,,,,,,
Thüringer,Thüringer,LOC,0.70000000,0.00000000,de,1.00000000,,2822540,T,50.66667000,10.83333000,EUROPE,Germany,WCE
Masserberg,Masserberg,LOC,1.00000000,0.00000000,de,1.00000000,4253316-8,2872980,P,50.51981000,10.97087000,EUROPE,Germany,WCE
Landkreis Hildburghausen,Landkreis Hildburghausen,LOC,1.00000000,0.00000000,de,1.00000000,4089228-1,2904804,P,50.42553000,10.73184000,EUROPE,Germany,WCE
Schneesturm,Schneesturm,LOC,1.00000000,0.00000000,de,1.00000000,,0,,,,,,
Os…,Os…,LOC,0.00000000,0.00000000,de,1.00000000,,0,,,,,,
Nordschwarzwald,Nordschwarzwald,LOC,0.00000000,0.00000000,de,1.00000000,4075477-7,11239725,S,48.74752000,8.53148000,EUROPE,Germany,WCE
Winter-Sturm,Winter-Sturm,LOC,0.00000000,0.00000000,de,1.00000000,,0,,,,,,
CHP Antelope Valley Area Of…,CHP Antelope Valley Area Of…,LOC,0.00000000,0.00000000,de,1.00000000,,0,,,,,,
Reuters,Reuters,LOC,0.00000000,0.00000000,de,1.00000000,,2847791,T,50.93333000,9.25000000,EUROPE,Germany,WCE
Bezirks OrangeCounty,Bezirks OrangeCounty,LOC,0.00000000,0.00000000,de,1.00000000,,0,,,,,,
marokkanischen Küste,marokkanischen Küste,LOC,0.00000000,0.00000000,de,1.00000000,,0,,,,,,
Provinz Safi,Provinz Safi,LOC,1.00000000,0.00000000,de,1.00000000,,107727,T,18.00000000,48.00000000,ASIA,Saudi Arabia,ARP
Vereinigte Arabische Emirate,Vereinigte Arabische Emirate,LOC,0.00000000,0.00000000,de,1.00000000,4062742-1,290557,A,23.75000000,54.50000000,ASIA,United Arab Emirates,ARP
Burj Khalifa,Burj Khalifa,LOC,0.00000000,0.00000000,de,1.00000000,,6949499,S,25.19720000,55.27420000,ASIA,United Arab Emirates,ARP
Département,Département,LOC,1.00000000,0.00000000,de,1.00000000,4116064-2,3718426,P,18.54349000,-72.33881000,CENTRAL-AMERICA,Haiti,CAR
Hérault,Hérault,LOC,1.00000000,0.00000000,de,1.00000000,4089205-0,3013500,A,43.66667000,3.50000000,EUROPE-AFRICA,France,MED
"Orange
County","Orange
County",LOC,0.00000000,0.00000000,de,1.00000000,,5379513,P,33.78779000,-117.85311000,CENTRAL-AMERICA,United States,NCA
US-Westküste,US-Westküste,LOC,0.00000000,0.00000000,de,1.00000000,,0,,,,,,
Portal Flightaware,Portal Flightaware,LOC,0.00000000,0.00000000,de,1.00000000,,0,,,,,,
Weihnachtssturms,Weihnachtssturms,LOC,0.70000000,0.00000000,de,1.00000000,,0,,,,,,
Altadena,Altadena,LOC,-0.15000000,0.00000000,de,1.00000000,,5323525,P,34.18973000,-118.13118000,NORTH-AMERICA,United States,WNA
Wintersturm,Wintersturm,LOC,0.70000000,0.00000000,de,1.00000000,,0,,,,,,
Stadt Glendales,Stadt Glendales,LOC,-0.70000000,0.00000000,de,1.00000000,,0,,,,,,
Weihnachts-Unwettern,Weihnachts-Unwettern,LOC,0.00000000,0.00000000,de,1.00000000,,0,,,,,,
New York,New York,LOC,0.00000000,0.00000000,de,1.00000000,4042011-5,5128581,P,40.71427000,-74.00597000,NORTH-AMERICA,United States,ENA
Ostküstenmetropole New York,Ostküstenmetropole New York,LOC,-1.00000000,0.00000000,de,1.00000000,,0,,,,,,
Friaul,Friaul,LOC,0.00000000,0.00000000,de,1.00000000,4018494-8,3165071,A,46.16408000,13.17794000,EUROPE,Italy,WCE
Regenstürme bedrohen Los Angeles,Regenstürme bedrohen Los Angeles,LOC,-1.00000000,0.00000000,de,1.00000000,,0,,,,,,
Urlaubsort,Urlaubsort,LOC,0.00000000,0.00000000,de,1.00000000,,0,,,,,,
Stadtverwalt…,Stadtverwalt…,LOC,0.00000000,0.00000000,de,1.00000000,,0,,,,,,
Granada,Granada,LOC,0.00000000,0.00000000,de,1.00000000,4021981-1,3580239,A,12.11667000,-61.66667000,CENTRAL-AMERICA,Grenada,CAR
Sturmböen ei,Sturmböen ei,LOC,0.00000000,0.00000000,de,1.00000000,,0,,,,,,
Flut,Flut,LOC,0.00000000,0.00000000,de,1.00000000,,2926026,H,51.34669000,11.33460000,EUROPE,Germany,WCE
Sturmböen…,Sturmböen…,LOC,0.00000000,0.00000000,de,1.00000000,,0,,,,,,
Mainz/Saarbrücken,Mainz/Saarbrücken,LOC,-0.33333333,0.00000000,de,1.00000000,,0,,,,,,
Saarbrücken/Kaiserslautern/Laumersheim,Saarbrücken/Kaiserslautern/Laumersheim,LOC,0.00000000,0.00000000,de,1.00000000,,0,,,,,,
Schwarzwalde…,Schwarzwalde…,LOC,0.00000000,0.00000000,de,1.00000000,,0,,,,,,
Sturmtief,Sturmtief,LOC,0.42500000,0.00000000,de,1.00000000,,0,,,,,,
"Sturmtief ""Joshua","Sturmtief ""Joshua",LOC,0.00000000,0.00000000,de,1.00000000,,0,,,,,,
Bundesstraßen,Bundesstraßen,LOC,0.00000000,0.00000000,de,1.00000000,,0,,,,,,
Baden-Baden,Baden-Baden,LOC,-1.00000000,0.00000000,de,1.00000000,4058282-6,2825297,P,48.78232000,9.17702000,EUROPE,Germany,WCE
B500,B500,LOC,-1.00000000,0.00000000,de,1.00000000,,0,,,,,,
Autobahn 5,Autobahn 5,LOC,-1.00000000,0.00000000,de,1.00000000,,0,,,,,,
Auswirkungen,Auswirkungen,LOC,0.00000000,0.00000000,de,1.00000000,,0,,,,,,
Galeria,Galeria,LOC,0.00000000,0.00000000,de,1.00000000,,3233186,U,42.48333000,8.55000000,EUROPE-AFRICA,,MED
Mittelmeerinsel,Mittelmeerinsel,LOC,0.00000000,0.00000000,de,1.00000000,,0,,,,,,
Flusses Fango ert…,Flusses Fango ert…,LOC,0.00000000,0.00000000,de,1.00000000,,0,,,,,,
Íllora,Íllora,LOC,0.00000000,0.00000000,de,1.00000000,1165672103,2516455,P,37.28771000,-3.88109000,EUROPE-AFRICA,Spain,MED
Andalusiens,Andalusiens,LOC,-0.70000000,0.00000000,de,1.00000000,,0,,,,,,
Lappland,Lappland,LOC,0.00000000,0.00000000,de,1.00000000,4034581-6,2696973,L,65.90000000,18.06667000,EUROPE,Sweden,NEU
Alicante,Alicante,LOC,0.00000000,0.00000000,de,1.00000000,4079702-8,2521978,P,38.34517000,-0.48149000,EUROPE-AFRICA,Spain,MED
Neuschnee,Neuschnee,LOC,0.00000000,0.00000000,de,1.00000000,,0,,,,,,
Stadtteile,Stadtteile,LOC,0.70000000,0.00000000,de,1.00000000,,0,,,,,,
Rettung,Rettung,LOC,0.00000000,1.00000000,de,1.00000000,,0,,,,,,
Tierpark Animalia,Tierpark Animalia,LOC,0.00000000,0.00000000,de,1.00000000,,0,,,,,,
Xicotepec,Xicotepec,LOC,0.00000000,0.00000000,de,1.00000000,16342929-7,8583242,A,20.31813000,-97.90889000,CENTRAL-AMERICA,Mexico,NCA
Ibizia,Ibizia,LOC,0.00000000,0.00000000,de,1.00000000,,0,,,,,,
Tief Alice,Tief Alice,LOC,0.00000000,0.00000000,de,1.00000000,,0,,,,,,
Katastrophen-Alarm,Katastrophen-Alarm,LOC,0.00000000,0.00000000,de,1.00000000,,0,,,,,,
Nationalpark Sarek,Nationalpark Sarek,LOC,0.00000000,0.00000000,de,1.00000000,,0,,,,,,
Sturmtief Alice,Sturmtief Alice,LOC,0.00000000,0.00000000,de,1.00000000,,0,,,,,,
Katastrophengebiete,Katastrophengebiete,LOC,0.00000000,0.00000000,de,1.00000000,,0,,,,,,
Palma,Palma,LOC,0.00000000,0.00000000,de,1.00000000,4115833-7,2512989,P,39.56939000,2.65024000,EUROPE-AFRICA,Spain,MED
Balearen-Inseln,Balearen-Inseln,LOC,0.00000000,0.00000000,de,1.00000000,4115833-7,2512989,P,39.56939000,2.65024000,EUROPE-AFRICA,Spain,MED
Walliser,Walliser,LOC,0.00000000,0.00000000,de,1.00000000,,3171241,T,46.07942000,8.08834000,EUROPE,Italy,WCE
Baltschieder,Baltschieder,LOC,0.00000000,0.00000000,de,1.00000000,4749366-5,2661624,P,46.30888000,7.86570000,EUROPE,Switzerland,WCE
Neubrück,Neubrück,LOC,0.00000000,0.00000000,de,1.00000000,7722970-8,2866110,P,51.13434000,6.63857000,EUROPE,Germany,WCE
Zentralmexiko,Zentralmexiko,LOC,0.00000000,0.00000000,de,1.00000000,,0,,,,,,
Europapokal-Spiel,Europapokal-Spiel,LOC,0.70000000,0.00000000,de,1.00000000,,0,,,,,,
Abpfiff,Abpfiff,LOC,0.70000000,0.00000000,de,1.00000000,,0,,,,,,
Puerto de la Cruz,Puerto de la Cruz,LOC,-0.70000000,0.00000000,de,1.00000000,4242802-6,3629672,P,10.21382000,-64.63280000,SOUTH-AMERICA,Venezuela,NSA
Münchens,Münchens,LOC,0.70000000,0.00000000,de,1.00000000,,6544563,S,48.14912000,11.56729000,EUROPE,Germany,WCE
Vorschau,Vorschau,LOC,0.00000000,0.00000000,de,1.00000000,,0,,,,,,
Karin,Karin,LOC,-0.85000000,0.00000000,de,1.00000000,4070958-9,315368,P,39.90861000,41.27694000,ASIA,Turkey,WCA
Fünf Tote,Fünf Tote,LOC,0.00000000,0.00000000,de,1.00000000,,0,,,,,,
Pazifik,Pazifik,LOC,0.00000000,0.00000000,de,1.00000000,,0,,,,,,
Kalmaegi,Kalmaegi,LOC,0.00000000,0.00000000,de,1.00000000,,2043622,P,40.31731000,125.83860000,ASIA,North Korea,EAS
Südchinesischen Meer,Südchinesischen Meer,LOC,0.00000000,0.00000000,de,1.00000000,,0,,,,,,
Kanaren,Kanaren,LOC,0.00000000,0.00000000,de,1.00000000,4073188-1,3408528,U,30.00000000,-25.00000000,ATLANTIC,,NAO
Eisbach,Eisbach,LOC,0.00000000,0.33333333,de,1.00000000,,7873397,A,47.13377000,15.27246000,EUROPE,Austria,WCE
Klimakrise,Klimakrise,LOC,0.00000000,1.00000000,de,1.00000000,,0,,,,,,
Supertaifun „Fung-Wong,Supertaifun „Fung-Wong,LOC,0.00000000,0.00000000,de,1.00000000,,0,,,,,,
Wetterkapriolen,Wetterkapriolen,LOC,0.00000000,0.00000000,de,1.00000000,,0,,,,,,
Theaterfestivals,Theaterfestivals,LOC,-0.70000000,0.00000000,de,1.00000000,,0,,,,,,
Ahrtal,Ahrtal,LOC,-0.56666667,0.33333333,de,1.00000000,4084812-7,12470173,T,50.53330000,7.06670000,EUROPE,Germany,WCE
Algarve,Algarve,LOC,0.00000000,0.00000000,de,1.00000000,4001155-0,10227214,L,37.08367000,-8.24902000,EUROPE-AFRICA,Portugal,MED
Ligurien,Ligurien,LOC,0.70000000,0.00000000,de,1.00000000,4035719-3,3174725,A,44.50000000,8.83333000,EUROPE-AFRICA,Italy,MED
Eisbach von,Eisbach von,LOC,0.35000000,0.50000000,de,1.00000000,,0,,,,,,
Münchner Eisbach,Münchner Eisbach,LOC,0.00000000,0.00000000,de,1.00000000,,0,,,,,,
Joshua,Joshua,LOC,0.00000000,0.00000000,de,1.00000000,,4701659,P,32.46153000,-97.38807000,NORTH-AMERICA,United States,CNA
Schlimmste,Schlimmste,LOC,0.00000000,0.00000000,de,1.00000000,,0,,,,,,
Westeuropa,Westeuropa,LOC,-1.00000000,0.00000000,de,1.00000000,4079215-8,9408659,L,50.21909000,7.42676000,EUROPE,Germany,WCE
Leipz…,Leipz…,LOC,0.00000000,0.00000000,de,1.00000000,,0,,,,,,
Böen fegen,Böen fegen,LOC,0.00000000,0.00000000,de,1.00000000,,0,,,,,,
Landkreis Bergstraße,Landkreis Bergstraße,LOC,-0.70000000,0.00000000,de,1.00000000,4005698-3,3272974,L,49.69767000,8.60577000,EUROPE,Germany,WCE
Landkreis Fulda,Landkreis Fulda,LOC,0.00000000,0.00000000,de,1.00000000,4018859-0,2923822,P,50.55162000,9.67518000,EUROPE,Germany,WCE
Kreis Bergstraße,Kreis Bergstraße,LOC,0.00000000,0.00000000,de,1.00000000,4005698-3,3272974,L,49.69767000,8.60577000,EUROPE,Germany,WCE
Wirbelsturm,Wirbelsturm,LOC,0.00000000,0.00000000,de,1.00000000,,0,,,,,,
Jamaik…,Jamaik…,LOC,-0.70000000,0.00000000,de,1.00000000,,0,,,,,,
Pegeln,Pegeln,LOC,0.00000000,0.00000000,de,1.00000000,,0,,,,,,
Orkan-Böen,Orkan-Böen,LOC,1.00000000,0.00000000,de,1.00000000,,0,,,,,,
Odessa,Odessa,LOC,-2.00000000,0.00000000,de,1.00000000,4043115-0,698740,P,46.48572000,30.74383000,EUROPE,Ukraine,WCE
Ukraine,Ukraine,LOC,0.00000000,0.00000000,de,1.00000000,4061496-7,690791,A,49.00000000,32.00000000,EUROPE,Ukraine,WCE
Hennadiy Truchanov,Hennadiy Truchanov,LOC,-1.00000000,0.00000000,de,1.00000000,,0,,,,,,
Kolumbusplatz,Kolumbusplatz,LOC,0.00000000,0.00000000,de,1.00000000,,0,,,,,,
Schweiz,Schweiz,LOC,0.70000000,0.00000000,de,1.00000000,4053881-3,2658434,A,47.00016000,8.01427000,EUROPE,Switzerland,WCE
Wirbelsturm i…,Wirbelsturm i…,LOC,0.00000000,0.00000000,de,1.00000000,,0,,,,,,
Sturmtief «Elli,Sturmtief «Elli,LOC,0.00000000,0.00000000,de,1.00000000,,0,,,,,,
Bergischen Land,Bergischen Land,LOC,0.00000000,0.00000000,de,1.00000000,,0,,,,,,
Mittlere Unstrut,Mittlere Unstrut,LOC,0.00000000,0.00000000,de,1.00000000,,0,,,,,,
Unwetterdrama in Brasilien - Starkregen,Unwetterdrama in Brasilien - Starkregen,LOC,0.00000000,0.00000000,de,1.00000000,,0,,,,,,
Pritzwalk,Pritzwalk,LOC,-0.85000000,0.00000000,de,1.00000000,4341847-8,6550651,A,53.13550000,12.20175000,EUROPE,Germany,WCE
Chiemgauer,Chiemgauer,LOC,0.00000000,0.00000000,de,1.00000000,,3205587,T,47.71773000,12.59220000,EUROPE,Germany,WCE
Berchtesgadener Alpen,Berchtesgadener Alpen,LOC,0.00000000,0.00000000,de,1.00000000,4005576-0,2950879,T,47.56667000,12.95000000,EUROPE,Germany,WCE
Wetterwarnungen,Wetterwarnungen,LOC,0.00000000,0.00000000,de,1.00000000,,0,,,,,,
Augsburg,Augsburg,LOC,0.00000000,0.00000000,de,1.00000000,4003614-5,2954172,P,48.37154000,10.89851000,EUROPE,Germany,WCE
Ubá,Ubá,LOC,0.00000000,0.00000000,de,1.00000000,,1517842,P,50.33923000,81.64203000,ASIA,Kazakhstan,WSB
Paraibuna,Paraibuna,LOC,0.00000000,0.00000000,de,1.00000000,,6322439,A,-23.48123000,-45.63778000,SOUTH-AMERICA,Brazil,SES
Südamerika,Südamerika,LOC,0.00000000,0.00000000,de,1.00000000,4078014-4,6255150,L,-14.60485000,-57.65625000,SOUTH-AMERICA,Brazil,SAM
Peru,Peru,LOC,0.00000000,0.00000000,de,1.00000000,4045312-1,3932488,A,-10.00000000,-75.25000000,SOUTH-AMERICA,Peru,NWS
Science-Fiction-Soldaten,Science-Fiction-Soldaten,LOC,-1.00000000,0.00000000,de,1.00000000,,0,,,,,,
Venus,Venus,LOC,-1.00000000,0.00000000,de,1.00000000,,11351558,A,13.91558000,-61.01676000,CENTRAL-AMERICA,Saint Lucia,CAR
Cardinham,Cardinham,LOC,0.00000000,0.00000000,de,1.00000000,,2653811,P,50.48992000,-4.64803000,EUROPE,United Kingdom,NEU
feuchtglänzenden,feuchtglänzenden,LOC,0.00000000,0.00000000,de,1.00000000,,0,,,,,,
Juiz de Fora,Juiz de Fora,LOC,0.00000000,0.00000000,de,1.00000000,4560169-0,3459505,P,-21.76417000,-43.35028000,SOUTH-AMERICA,Brazil,SES
Regenwald,Regenwald,LOC,0.00000000,0.00000000,de,1.00000000,,0,,,,,,
Trockenperioden,Trockenperioden,LOC,0.00000000,1.00000000,de,1.00000000,,0,,,,,,
Alb,Alb,LOC,-0.70000000,0.00000000,de,1.00000000,4075416-9,2990440,P,43.70313000,7.26608000,EUROPE-AFRICA,France,MED
Pegel Meyenburg,Pegel Meyenburg,LOC,-0.85000000,0.00000000,de,1.00000000,,0,,,,,,
Stepenitz,Stepenitz,LOC,-0.85000000,0.00000000,de,1.00000000,10155351-1,2827417,H,52.98886000,11.76531000,EUROPE,Germany,WCE
Meyenburg,Meyenburg,LOC,0.00000000,0.00000000,de,1.00000000,4300799-5,2871419,P,53.31334000,12.24255000,EUROPE,Germany,WCE
Südwestfrankreich,Südwestfrankreich,LOC,0.00000000,0.00000000,de,1.00000000,,0,,,,,,
Fasnet-Fans,Fasnet-Fans,LOC,0.00000000,0.00000000,de,1.00000000,,0,,,,,,
Überschwemmungsgefahr,Überschwemmungsgefahr,LOC,0.70000000,0.00000000,de,1.00000000,,0,,,,,,
Südschwarzwald,Südschwarzwald,LOC,0.70000000,0.00000000,de,1.00000000,,3205650,A,47.71022000,8.09118000,EUROPE,Germany,WCE
Hochwasser-Alarm,Hochwasser-Alarm,LOC,0.00000000,0.00000000,de,1.00000000,,0,,,,,,
Wetter-Achterbahn,Wetter-Achterbahn,LOC,0.00000000,0.00000000,de,1.00000000,,0,,,,,,
Hochwa…,Hochwa…,LOC,0.00000000,0.00000000,de,1.00000000,,0,,,,,,
Nordbayern,Nordbayern,LOC,-0.85000000,0.00000000,de,1.00000000,,0,,,,,,
Tarn-et-Garonne,Tarn-et-Garonne,LOC,0.00000000,0.00000000,de,1.00000000,,2973357,A,44.00000000,1.16667000,EUROPE-AFRICA,France,MED
Harz schmilzt der Schnee,Harz schmilzt der Schnee,LOC,-0.35000000,0.50000000,de,1.00000000,,0,,,,,,
Apulien,Apulien,LOC,1.00000000,0.00000000,de,1.00000000,4002508-1,3169778,A,41.00164000,16.73378000,EUROPE-AFRICA,Italy,MED
Extremwetter-Schutz,Extremwetter-Schutz,LOC,0.00000000,0.00000000,de,1.00000000,,0,,,,,,
Bordeaux,Bordeaux,LOC,0.00000000,0.00000000,de,1.00000000,4088072-2,3031582,P,44.84124000,-0.58046000,EUROPE-AFRICA,France,MED
Garonne,Garonne,LOC,0.00000000,0.00000000,de,1.00000000,4244230-8,2985982,P,43.52317000,1.40511000,EUROPE-AFRICA,France,MED
Oberläufen der Ilse,Oberläufen der Ilse,LOC,0.00000000,0.00000000,de,1.00000000,,0,,,,,,
Hildesheim,Hildesheim,LOC,-0.35000000,0.50000000,de,1.00000000,4024881-1,2904789,P,52.15077000,9.95112000,EUROPE,Germany,WCE
lni,lni,LOC,-0.35000000,0.50000000,de,1.00000000,5057560-0,593116,P,54.68916000,25.27980000,EUROPE,Lithuania,WCE
Kaffeemaschine sp,Kaffeemaschine sp,LOC,0.00000000,0.00000000,de,1.00000000,,0,,,,,,
Bodensees,Bodensees,LOC,0.70000000,0.00000000,de,1.00000000,,0,,,,,,
Sturmtief Elli,Sturmtief Elli,LOC,-0.70000000,0.00000000,de,1.00000000,,0,,,,,,
Kachelmann,Kachelmann,LOC,0.70000000,0.00000000,de,1.00000000,,0,,,,,,
Österreich-Mittel,Österreich-Mittel,LOC,0.00000000,0.00000000,de,1.00000000,,7873738,A,47.32968000,10.15467000,EUROPE,Austria,WCE
Trends,Trends,LOC,0.00000000,0.00000000,de,1.00000000,,11001611,S,22.95221000,113.37438000,ASIA,China,EAS
Erdäpfeln,Erdäpfeln,LOC,0.00000000,1.00000000,de,1.00000000,,0,,,,,,
Landwirtschaftskammer Burgenland,Landwirtschaftskammer Burgenland,LOC,0.15000000,0.00000000,de,1.00000000,,0,,,,,,
Wetter,Wetter,LOC,-0.70000000,0.00000000,de,1.00000000,4108088-9,2809985,P,50.90254000,8.72366000,EUROPE,Germany,WCE
Sommerstart,Sommerstart,LOC,0.00000000,0.00000000,de,1.00000000,,0,,,,,,
NRW…,NRW…,LOC,0.00000000,0.00000000,de,1.00000000,,0,,,,,,
Greenpeace,Greenpeace,LOC,0.00000000,1.00000000,de,1.00000000,,0,,,,,,
Leobendorf,Leobendorf,LOC,0.70000000,0.00000000,de,1.00000000,4258925-3,2772646,P,48.38333000,16.31667000,EUROPE,Austria,WCE
Bezirk Korneuburg,Bezirk Korneuburg,LOC,0.70000000,0.00000000,de,1.00000000,4032487-4,2773697,A,48.44343000,16.24120000,EUROPE,Austria,WCE
Wiener Becken,Wiener Becken,LOC,0.70000000,0.00000000,de,1.00000000,,0,,,,,,
Wiener Neustadt,Wiener Neustadt,LOC,0.70000000,0.00000000,de,1.00000000,4066023-0,2761353,P,47.80485000,16.23196000,EUROPE,Austria,WCE
Landes Niederöste…,Landes Niederöste…,LOC,0.70000000,0.00000000,de,1.00000000,,0,,,,,,
Kaifenheim,Kaifenheim,LOC,0.00000000,0.00000000,de,1.00000000,4997193-1,6553694,A,50.24424000,7.22540000,EUROPE,Germany,WCE
windig-kühl,windig-kühl,LOC,1.00000000,0.00000000,de,1.00000000,,0,,,,,,
Schirme,Schirme,LOC,0.35000000,0.00000000,de,1.00000000,,0,,,,,,
Mittleren Unstrut,Mittleren Unstrut,LOC,0.70000000,0.00000000,de,1.00000000,,0,,,,,,
Berlin/Potsdam,Berlin/Potsdam,LOC,0.00000000,0.00000000,de,1.00000000,,6691055,P,52.50888000,13.37852000,EUROPE,Germany,WCE
Erfurt,Erfurt,LOC,-1.00000000,0.00000000,de,1.00000000,4015240-6,2929670,P,50.97734000,11.03536000,EUROPE,Germany,WCE
Illustrators Café,Illustrators Café,LOC,0.00000000,1.00000000,de,1.00000000,,0,,,,,,
Regen-Dauerschleife,Regen-Dauerschleife,LOC,0.00000000,0.00000000,de,1.00000000,,0,,,,,,
Wahiawa-Damm,Wahiawa-Damm,LOC,0.00000000,0.00000000,de,1.00000000,,0,,,,,,
US-Städte,US-Städte,LOC,0.70000000,0.00000000,de,1.00000000,,0,,,,,,
North Shore,North Shore,LOC,0.00000000,1.00000000,de,1.00000000,16338458-7,5108169,P,40.72510000,-73.24539000,NORTH-AMERICA,United States,ENA
Fehlalarm,Fehlalarm,LOC,0.00000000,0.00000000,de,1.00000000,,0,,,,,,
Halle/Magdeburg,Halle/Magdeburg,LOC,0.00000000,0.00000000,de,1.00000000,,0,,,,,,
Graupelschauer,Graupelschauer,LOC,0.70000000,0.00000000,de,1.00000000,,0,,,,,,
Leichenwagen,Leichenwagen,LOC,0.70000000,0.00000000,de,1.00000000,,0,,,,,,
Fahrbahnen,Fahrbahnen,LOC,0.00000000,0.00000000,de,1.00000000,,0,,,,,,
Bologna,Bologna,LOC,0.00000000,1.00000000,de,1.00000000,4007616-7,3181928,P,44.49381000,11.33875000,EUROPE-AFRICA,Italy,MED
Sechs-Meter-Wellen,Sechs-Meter-Wellen,LOC,-1.00000000,0.00000000,de,1.00000000,,0,,,,,,
Nea Makri,Nea Makri,LOC,-1.00000000,0.00000000,de,1.00000000,7690241-9,256598,P,38.08733000,23.97642000,EUROPE-AFRICA,Greece,MED
Starkregen TTS-Player,Starkregen TTS-Player,LOC,-0.33333333,0.66666667,de,1.00000000,,0,,,,,,
Vigili del Fuoco04.04.2026,Vigili del Fuoco04.04.2026,LOC,0.00000000,0.00000000,de,1.00000000,,0,,,,,,
internationalen Flughafen,internationalen Flughafen,LOC,0.00000000,0.00000000,de,1.00000000,,0,,,,,,
Soekarno-Hatta,Soekarno-Hatta,LOC,0.00000000,0.00000000,de,1.00000000,,6301878,S,-6.12557000,106.65590000,ASIA,Indonesia,SEA
Sturmes,Sturmes,LOC,0.00000000,0.00000000,de,1.00000000,,455106,S,56.73105000,24.40640000,EUROPE,Latvia,WCE
Hochwasse…,Hochwasse…,LOC,0.00000000,0.00000000,de,1.00000000,,0,,,,,,
Kreis Tuttlingen,Kreis Tuttlingen,LOC,0.00000000,0.00000000,de,1.00000000,,0,,,,,,
Geisingen,Geisingen,LOC,0.00000000,0.00000000,de,1.00000000,4380345-3,2921682,P,47.92504000,8.65002000,EUROPE,Germany,WCE
Nachbarn,Nachbarn,LOC,0.00000000,0.00000000,de,1.00000000,,0,,,,,,
Unwetterkatastrophe,Unwetterkatastrophe,LOC,0.00000000,0.00000000,de,1.00000000,,0,,,,,,
Südafrik…,Südafrik…,LOC,0.00000000,0.00000000,de,1.00000000,,0,,,,,,
Starkregen-Rätsel,Starkregen-Rätsel,LOC,0.00000000,0.00000000,de,1.00000000,,0,,,,,,
Sturm-Chaos,Sturm-Chaos,LOC,0.00000000,0.00000000,de,1.00000000,,0,,,,,,
VISIONS.de,VISIONS.de,LOC,0.00000000,0.00000000,de,1.00000000,,7240517,S,34.73634000,-112.02213000,NORTH-AMERICA,United States,WNA
Nordinsel,Nordinsel,LOC,0.00000000,1.00000000,de,1.00000000,,2185983,T,-39.00000000,176.00000000,OCEANIA,New Zealand,NZ
Neuseelands,Neuseelands,LOC,0.00000000,1.00000000,de,1.00000000,,0,,,,,,
Mittelmeerinseln,Mittelmeerinseln,LOC,0.00000000,0.00000000,de,1.00000000,,0,,,,,,
Sachschaden,Sachschaden,LOC,0.00000000,0.00000000,de,1.00000000,,0,,,,,,
Sizilien,Sizilien,LOC,-0.70000000,0.00000000,de,1.00000000,4055193-3,2523118,T,37.62304000,13.93457000,EUROPE-AFRICA,Italy,MED
Emsland,Emsland,LOC,0.00000000,0.00000000,de,1.00000000,4044521-5,2855525,P,53.07738000,7.40444000,EUROPE,Germany,NEU
Münsterland,Münsterland,LOC,0.00000000,0.00000000,de,1.00000000,4040619-2,2857450,L,52.78789000,8.02481000,EUROPE,Germany,WCE
Halle (Saale,Halle (Saale,LOC,0.00000000,0.00000000,de,1.00000000,4023027-2,2911522,P,51.48158000,11.97947000,EUROPE,Germany,WCE
W…,W…,LOC,0.00000000,0.00000000,de,1.00000000,,0,,,,,,
Wittenberg,Wittenberg,LOC,0.00000000,0.00000000,de,1.00000000,4066640-2,7303020,P,51.86610000,12.64973000,EUROPE,Germany,WCE
sa,sa,LOC,0.00000000,0.00000000,de,1.00000000,,6255150,L,-14.60485000,-57.65625000,SOUTH-AMERICA,Brazil,SAM
Landkreis Wittenber…,Landkreis Wittenber…,LOC,0.00000000,0.00000000,de,1.00000000,,0,,,,,,
Mainz/Kassel,Mainz/Kassel,LOC,0.00000000,0.00000000,de,1.00000000,,0,,,,,,
Ostsachsen,Ostsachsen,LOC,0.00000000,0.00000000,de,1.00000000,,0,,,,,,
Sachsen am Morgen,Sachsen am Morgen,LOC,0.00000000,0.00000000,de,1.00000000,,0,,,,,,
Müllmassen,Müllmassen,LOC,-0.15000000,0.00000000,de,1.00000000,,0,,,,,,
Hauptstrecken,Hauptstrecken,LOC,0.00000000,0.00000000,de,1.00000000,,0,,,,,,
FDP-Chef Höne,FDP-Chef Höne,LOC,-1.00000000,0.00000000,de,1.00000000,,0,,,,,,
Verkehrsminister,Verkehrsminister,LOC,-0.70000000,0.00000000,de,1.00000000,,0,,,,,,
Warmfront,Warmfront,LOC,-0.70000000,0.00000000,de,1.00000000,,0,,,,,,
Ballungsgebiete,Ballungsgebiete,LOC,0.00000000,0.00000000,de,1.00000000,,0,,,,,,
Ostwestfalen,Ostwestfalen,LOC,-0.15000000,0.00000000,de,1.00000000,4117980-8,12076813,L,52.02969000,8.65538000,EUROPE,Germany,WCE
Lebenszeichen,Lebenszeichen,LOC,0.00000000,0.00000000,de,1.00000000,,0,,,,,,
Schulministerin,Schulministerin,LOC,1.00000000,0.00000000,de,1.00000000,,0,,,,,,
La…,La…,LOC,0.00000000,0.00000000,de,1.00000000,,0,,,,,,
Neujahrsempfang,Neujahrsempfang,LOC,-0.70000000,0.00000000,de,1.00000000,,0,,,,,,
Waren,Waren,LOC,0.00000000,0.00000000,de,1.00000000,,12408483,A,-1.59861000,134.08972000,ASIA,Indonesia,SEA
Müritz,Müritz,LOC,0.00000000,0.00000000,de,1.00000000,4040646-5,2867454,H,53.42678000,12.69174000,EUROPE,Germany,WCE
Präsenzpflicht,Präsenzpflicht,LOC,0.00000000,0.00000000,de,1.00000000,,0,,,,,,
Borkenkäfer,Borkenkäfer,LOC,1.00000000,0.00000000,de,1.00000000,,0,,,,,,
Halle Halle,Halle Halle,LOC,0.00000000,0.00000000,de,1.00000000,4023027-2,2911522,P,51.48158000,11.97947000,EUROPE,Germany,WCE
amtliche W,amtliche W,LOC,0.00000000,0.00000000,de,1.00000000,,0,,,,,,
Tief,Tief,LOC,-0.70000000,0.00000000,de,1.00000000,,3424968,U,64.50000000,-36.50000000,POLAR,,GIC
Eisregen,Eisregen,LOC,-0.70000000,0.00000000,de,1.00000000,,0,,,,,,
Berli,Berli,LOC,0.00000000,0.00000000,de,1.00000000,4218173-2,5688025,P,46.80833000,-100.78374000,NORTH-AMERICA,United States,CNA
D…,D…,LOC,0.00000000,0.00000000,de,1.00000000,,0,,,,,,
Glätte-Warnung,Glätte-Warnung,LOC,0.00000000,0.00000000,de,1.00000000,,0,,,,,,
Lissabon,Lissabon,LOC,-0.70000000,0.00000000,de,1.00000000,4035919-0,2267057,P,38.72509000,-9.14980000,EUROPE-AFRICA,Portugal,MED
Unfällen,Unfällen,LOC,-1.00000000,0.00000000,de,1.00000000,,0,,,,,,
Kreis Rostock bi…,Kreis Rostock bi…,LOC,0.00000000,0.00000000,de,1.00000000,,0,,,,,,
Schneegriesel,Schneegriesel,LOC,0.00000000,0.00000000,de,1.00000000,,0,,,,,,
Schneeregen,Schneeregen,LOC,0.00000000,0.00000000,de,1.00000000,,0,,,,,,
Offenbach/Berlin,Offenbach/Berlin,LOC,0.00000000,0.00000000,de,1.00000000,,0,,,,,,
Glatteis-Risiko,Glatteis-Risiko,LOC,0.00000000,0.00000000,de,1.00000000,,0,,,,,,
gefrierenden Regen,gefrierenden Regen,LOC,-0.70000000,0.00000000,de,1.00000000,,0,,,,,,
Milliarden-SchädenSpanien,Milliarden-SchädenSpanien,LOC,0.00000000,1.00000000,de,1.00000000,,0,,,,,,
Regenpause,Regenpause,LOC,0.00000000,0.00000000,de,1.00000000,,0,,,,,,
Innenministerium,Innenministerium,LOC,0.00000000,1.00000000,de,1.00000000,,0,,,,,,
Rabat,Rabat,LOC,0.00000000,1.00000000,de,1.00000000,4076467-9,2538475,P,34.01325000,-6.83255000,EUROPE-AFRICA,Morocco,MED
Ortschaften,Ortschaften,LOC,0.00000000,0.00000000,de,1.00000000,,0,,,,,,
IbizaHEUTE,IbizaHEUTE,LOC,0.00000000,0.00000000,de,1.00000000,,0,,,,,,
Grundstücke,Grundstücke,LOC,0.00000000,0.00000000,de,1.00000000,,0,,,,,,
Brandenbu…,Brandenbu…,LOC,-0.70000000,0.00000000,de,1.00000000,,0,,,,,,
Ostseeküste,Ostseeküste,LOC,0.00000000,0.00000000,de,1.00000000,4075760-2,12076808,L,54.21464000,12.22235000,EUROPE,Germany,NEU
sa…,sa…,LOC,0.00000000,0.00000000,de,1.00000000,,0,,,,,,
Sonnenschein,Sonnenschein,LOC,0.00000000,0.00000000,de,1.00000000,,2831137,T,54.08202000,10.75910000,EUROPE,Germany,NEU
Duisburg,Duisburg,LOC,0.50000000,0.50000000,de,1.00000000,4013284-5,2934691,P,51.43247000,6.76516000,EUROPE,Germany,WCE
Urlaubsländern,Urlaubsländern,LOC,0.00000000,0.00000000,de,1.00000000,,0,,,,,,
Berglagen,Berglagen,LOC,0.00000000,1.00000000,de,1.00000000,,0,,,,,,
Kristin,Kristin,LOC,0.70000000,0.00000000,de,1.00000000,,6629109,T,-77.43333000,168.31667000,POLAR,Antarctica,EAN
Notunterkünfte,Notunterkünfte,LOC,0.00000000,1.00000000,de,1.00000000,,0,,,,,,
BVG,BVG,LOC,0.00000000,0.00000000,de,1.00000000,,6296729,S,70.87100000,29.02944000,EUROPE,Norway,NEU
Donnerstag,Donnerstag,LOC,0.00000000,0.00000000,de,1.00000000,,0,,,,,,
Staus,Staus,LOC,0.00000000,0.00000000,de,1.00000000,,13263429,P,29.09167000,-110.99497000,CENTRAL-AMERICA,Mexico,NCA
Alcácer do Sal,Alcácer do Sal,LOC,0.00000000,0.00000000,de,1.00000000,4984696-6,2272212,P,38.37326000,-8.51444000,EUROPE-AFRICA,Portugal,MED
Schulausfälle,Schulausfälle,LOC,0.00000000,0.00000000,de,1.00000000,,0,,,,,,
iberische Halbinsel,iberische Halbinsel,LOC,0.00000000,0.00000000,de,1.00000000,,2267430,T,40.00000000,-5.00000000,EUROPE-AFRICA,Spain,MED
Spanien…,Spanien…,LOC,0.00000000,0.00000000,de,1.00000000,,0,,,,,,
Gebiet,Gebiet,LOC,0.00000000,0.00000000,de,1.00000000,,2847616,L,50.00000000,8.66667000,EUROPE,Germany,WCE
Por…,Por…,LOC,0.00000000,0.00000000,de,1.00000000,,0,,,,,,
dag…,dag…,LOC,0.00000000,0.00000000,de,1.00000000,,0,,,,,,
Wassermassen,Wassermassen,LOC,0.00000000,0.00000000,de,1.00000000,,0,,,,,,
Autobahn …,Autobahn …,LOC,0.00000000,0.00000000,de,1.00000000,,0,,,,,,
