topic,sentiment_mean,sentiment_std,subjectivity_mean,subjectivity_std,counting
Hazard,0.054137392444417134,1.004699044177616,-0.040057750250888,0.8742150281263144,278.0
Impacts,0.16326938021261453,0.8556838204821733,0.3608584550880305,1.2603627445131806,75.0
Mitigation,-0.1027978622970258,0.9759643048604147,-0.13197859718136581,0.9202372795143129,157.0
