topic,sentiment_mean,sentiment_std,subjectivity_mean,subjectivity_std,counting
Hazard,0.08907237020254308,1.0642776001081116,-0.060195939511033705,0.8611045570412436,66.0
Impacts,0.1772029315092178,0.5242322485919165,0.7343111780380306,1.1257265022997232,21.0
Mitigation,-0.392818144367193,0.7005840543016606,-0.20149863207429045,0.8787044750386543,14.0
