topic,sentiment_mean,sentiment_std,subjectivity_mean,subjectivity_std,counting
Hazard,0.03898192128380743,1.055086337781365,-0.0707746639422424,0.8597452162757832,136.0
Impacts,0.2366439339866161,0.673894358486758,0.631900558661472,1.3789303855683823,36.0
Mitigation,-0.06351133939973223,0.9488301612392768,-0.1755295716849599,0.7953611497850525,105.0
