topic,sentiment_mean,sentiment_std,subjectivity_mean,subjectivity_std,counting
Hazard,0.03925880728744968,0.9944419471559639,-0.00983676970325931,0.8881507691576203,450.0
Impacts,0.16459790882168576,0.8613755469173803,0.29922674832085466,1.280151826543594,91.0
Mitigation,-0.08140453711811657,0.968387303649124,-0.14234722486541201,0.9095343303118093,232.0
