topic,sentiment_mean,sentiment_std,subjectivity_mean,subjectivity_std,counting
Hazard,-0.08202434077273581,0.9063916052009982,-0.08604702887242702,0.8436749068341404,77.0
Impacts,0.3664675227386618,0.6154697985696275,0.6150862129165479,1.2437178049644646,6.0
Mitigation,-0.09970534807669582,0.7327410885070662,-0.609016962931709,0.004247242189360419,2.0
