topic,sentiment_mean,sentiment_std,subjectivity_mean,subjectivity_std,counting
Hazard,0.07627386289480781,1.0664599041635099,-0.09808802970183726,0.8330847777815741,100.0
Impacts,0.27510538518193006,0.6814740111033288,0.4526072846788649,1.1867243059332975,36.0
Mitigation,-0.23580057130261967,0.785124707614715,-0.20545986474507705,0.9080104017729468,35.0
