topic,sentiment_mean,sentiment_std,subjectivity_mean,subjectivity_std,counting
Hazard,0.034891338280784404,0.9834701488269461,-0.03693200767222448,0.8717006219531854,352.0
Impacts,0.17700173786600984,0.8757700846885946,0.2957599820155782,1.241579679151251,84.0
Mitigation,-0.0833271906841288,0.992269261696295,-0.10440827322785921,0.9379268004973651,188.0
