week,sentiment_mean,sentiment_std,subjectivity_mean,subjectivity_std,counting
2025-40,0.0539398196288455,0.5437751003180815,0.7084449994801297,1.149717103808634,18.0
2025-41,-0.30450243279741,0.7358817227783244,0.36017622466917065,1.0642989114763572,12.0
2025-42,0.1174983071048216,0.9978528549960134,-0.32703065495509787,0.6383350632691598,36.0
2025-43,0.4116620068698367,0.7199370691604694,-0.49535316265598933,0.37128661256330786,6.0
2025-44,-0.2518832493797643,1.1250647700460177,0.03949380832344019,0.8496023383059418,18.0
