topic,sentiment_mean,sentiment_std,subjectivity_mean,subjectivity_std,counting
Hazard,0.09584038157458681,1.0439472621568522,-0.10608173562967115,0.8537346693440083,39.0
Impacts,0.43818723214187927,0.34419790274251927,0.7527917032913417,1.3145735119545892,9.0
Mitigation,-0.3789296479279798,0.7007012844026766,-0.30496396836258494,0.4335307326515503,10.0
