topic,sentiment_mean,sentiment_std,subjectivity_mean,subjectivity_std,counting
Hazard,0.0675898191445343,1.01565721869645,-0.008300801891079493,0.9150307545037114,216.0
Impacts,0.1977861594664951,0.8389361053434952,0.41488435012235,1.3032196345031215,61.0
Mitigation,-0.11494992092191983,0.9580033024487257,-0.18468439604700113,0.8054533061884591,151.0
