topic,sentiment_mean,sentiment_std,subjectivity_mean,subjectivity_std,counting
Hazard,0.03488920645755076,0.9902958342557338,-0.01038161375396304,0.8891388803273481,467.0
Impacts,0.1625774493594021,0.8459365933311451,0.2876313951806452,1.2616583091318445,93.0
Mitigation,-0.07256128473329448,0.9784180588306947,-0.13080577004712818,0.9228861973643541,239.0
