week,sentiment_mean,sentiment_std,subjectivity_mean,subjectivity_std,counting
2025-40,-0.1266123867425423,0.6704637537838469,0.161709761412169,0.7038512288073888,8.0
2025-42,-0.05265263890142864,0.9254963870235957,-0.1881613769544407,0.7723532695307499,19.0
2025-43,0.06378135494698318,0.43526862645642445,-0.6471556459347225,1.0,2.0
2025-44,0.5078924641267126,0.8419287096056018,0.746111754003707,1.0650055944549406,4.0
