topic,sentiment_mean,sentiment_std,subjectivity_mean,subjectivity_std,counting
Hazard,0.043184841194647425,0.9910377697526023,-0.020364650901995626,0.8816560246875091,439.0
Impacts,0.1491134168791071,0.8659653970121234,0.31394136065266254,1.28163113025894,87.0
Mitigation,-0.08295264119648625,0.9719654240281556,-0.12766386565769008,0.9240958578787327,219.0
