topic,sentiment_mean,sentiment_std,subjectivity_mean,subjectivity_std,counting
Hazard,-0.061066922805167186,0.9237764734328625,-0.08198581879627975,0.8481401187056369,85.0
Impacts,0.26144478019915945,0.5551530507514254,0.6244981000434442,1.3208656071105325,6.0
Mitigation,-0.19341382553102052,0.6314992938836708,-0.583874683454311,0.002086470179535072,2.0
