topic,sentiment_mean,sentiment_std,subjectivity_mean,subjectivity_std,counting
Hazard,0.06638868401482954,1.0188656720771252,-0.006963840532266887,0.914405647199389,218.0
Impacts,0.18447658893946242,0.8416682390532186,0.39923113864951865,1.3015059721973439,62.0
Mitigation,-0.10957849491065594,0.9579289812266044,-0.1827081940956717,0.8080461859693164,151.0
