keyword,sentiment_mean,sentiment_std,subjectivity_mean,subjectivity_std,counting
'Dauerregen',-0.6724315734792985,0.7161518942507108,-0.039600200744220215,0.5190840985344904,4.0
'Hochwasser',0.2835533905932738,0.5989949493661167,0.0,1.0,2.0
'Pegelstände',0.6685881863512293,0.6314477248681192,1.09412366435319,0.3887378626530854,3.0
'Unwetter',0.0894041048864513,0.6821645604919535,-0.6465550304093208,0.4310366869395472,4.0
'Unwetterwarnung',-0.8682614658688474,1.0,-0.5773502691896257,1.0,1.0
