topic,sentiment_mean,sentiment_std,subjectivity_mean,subjectivity_std,counting
Hazard,0.06498165321297203,1.0053176403433408,-0.017383188193020063,0.9007191166360798,238.0
Impacts,0.17274314956970516,0.858594398141804,0.39197607730802436,1.3063280487366369,65.0
Mitigation,-0.1116469811587624,0.971901107625519,-0.17194412400842476,0.8272079134303467,151.0
