topic,sentiment_mean,sentiment_std,subjectivity_mean,subjectivity_std,counting
Hazard,0.041721464881906055,0.9860977427493919,-0.04077262702218119,0.8684052975533852,362.0
Impacts,0.16017692425484825,0.8750704880608516,0.305336116130783,1.2476588022767126,84.0
Mitigation,-0.08670795140378325,0.987162098409225,-0.09947174366576197,0.9430732626452875,189.0
