week,sentiment_mean,sentiment_std,subjectivity_mean,subjectivity_std,counting
2025-40,0.1919070232522715,0.4329128739057467,0.7498121398422012,1.295252713070002,18.0
2025-41,-0.1386883702128763,1.2727287932035083,0.28269352857311314,1.2061564875145148,13.0
2025-42,0.09094143163432725,1.0047917563439406,-0.2966674316718604,0.7641742243400123,42.0
2025-43,0.09973794943476497,0.8115795410420217,-0.40118396224916963,0.5217917236687417,8.0
2025-44,-0.012107623578029572,1.1101162928704036,-0.16771853368921197,0.7458851149859246,27.0
2025-45,-0.13261713494175037,0.7830115496032382,-0.4695030374439709,0.3247942281353812,15.0
2025-46,-0.14449813807413167,1.0757205877790288,-0.1016931031935357,0.7929061337199808,24.0
2025-47,0.027911881521861477,0.8374285203702562,0.7732524248757598,1.0809958421756312,15.0
2025-48,-0.265122397252695,0.2552512265159288,1.0999369624271902,0.27420122852142886,3.0
