topic,sentiment_mean,sentiment_std,subjectivity_mean,subjectivity_std,counting
Hazard,0.03728355811825023,0.9873768749818803,-0.02948466933030556,0.8757895507040395,404.0
Impacts,0.1517268260704909,0.8701966655152984,0.31553040803761895,1.2679665966707345,85.0
Mitigation,-0.07415597634940725,0.9815091068774898,-0.11525782611028497,0.9352722954754491,203.0
