topic,sentiment_mean,sentiment_std,subjectivity_mean,subjectivity_std,counting
Hazard,0.06349932875634935,1.0491169612594025,-0.050370331279146675,0.8659065561692297,192.0
Impacts,0.27821982996075884,0.7093142719008381,0.4889957635649187,1.3755087069322678,50.0
Mitigation,-0.11584865028033194,0.934237820618981,-0.16835868046229566,0.8081151046304843,141.0
