topic,sentiment_mean,sentiment_std,subjectivity_mean,subjectivity_std,counting
Hazard,0.06290674013162133,1.004829940780925,-0.03387685611598404,0.8914138398778295,264.0
Impacts,0.18245331679871035,0.8545242478676643,0.39904144440930167,1.2891696594816169,72.0
Mitigation,-0.12053786379344793,0.9716595849738792,-0.1669915991268733,0.8363663267734878,153.0
