topic,sentiment_mean,sentiment_std,subjectivity_mean,subjectivity_std,counting
Hazard,0.04236694532374036,0.9864948168579635,-0.04419548031547231,0.862447364570346,330.0
Impacts,0.16125414399414817,0.872986204876098,0.29499670723518967,1.2431179968865087,83.0
Mitigation,-0.086490309523725,0.9862791246151841,-0.10073538766975652,0.9398258978450154,173.0
