topic,sentiment_mean,sentiment_std,subjectivity_mean,subjectivity_std,counting
Hazard,0.06440495528910287,1.071683844106383,-0.10002268817453686,0.8362746219041092,98.0
Impacts,0.2600750827659267,0.6786501068287861,0.43068598105574196,1.1727493692815514,36.0
Mitigation,-0.3464090345987132,0.7173700711592649,-0.31318184577283037,0.6836965107088393,20.0
