topic,sentiment_mean,sentiment_std,subjectivity_mean,subjectivity_std,counting
Hazard,0.04847597315095853,0.9947374400696808,-0.037099035522157174,0.8693391103265842,301.0
Impacts,0.16058600673804896,0.8559207256082652,0.32691844404595644,1.2446028280135895,80.0
Mitigation,-0.09707633700496603,0.9839855489686192,-0.12771495104359637,0.9227979882016752,163.0
