week,sentiment_mean,sentiment_std,subjectivity_mean,subjectivity_std,counting
2025-40,0.1787213867492391,0.4222350899945511,0.8724108671197282,1.3069410169885702,18.0
2025-41,-0.09481100026240143,1.24179761208633,0.43245300520492214,1.2148269105105558,13.0
2025-42,0.09599712092802104,0.9842084697035872,-0.24358257514895312,0.7919402035374058,42.0
2025-43,0.14279473317255292,0.8057043677604758,-0.32582273811387996,0.49785141126729826,8.0
2025-44,-0.04448950625178446,1.0246745779706237,-0.08134360744111908,0.7124886010290599,27.0
2025-45,-0.01791651878958071,0.7417371260435736,-0.3050897075339081,0.5271965341897733,14.0
2025-46,-0.13420685490492754,1.0899509080812464,0.09496978713422785,1.1030474210462948,17.0
2025-47,-1.0417498742061126,0.25922279565540646,0.32890657655024447,0.0,3.0
