topic,sentiment_mean,sentiment_std,subjectivity_mean,subjectivity_std,counting
Hazard,0.17824586900292264,1.0170810305562954,-0.0874443458743098,0.8267145833750565,26.0
Impacts,0.3457545146067232,0.5674458834602908,0.4538329718879075,1.3579509139770498,7.0
Mitigation,-0.20908541954547577,0.6124533305849608,-0.5319165935971161,0.031130059570322742,2.0
