topic,sentiment_mean,sentiment_std,subjectivity_mean,subjectivity_std,counting
Hazard,-0.07008976643571838,0.8795685206797965,-0.2357085028570589,0.5769372274033538,24.0
Impacts,-0.1677720144172362,0.7627345418244902,,1.0,2.0
Mitigation,-0.30869174687501977,0.7105050897405769,-0.5471846207173402,0.14138037970676473,2.0
