week,sentiment_mean,sentiment_std,subjectivity_mean,subjectivity_std,counting
2025-40,0.08376148134148817,0.4348567940609529,0.8685524357086695,1.2754911033940932,18.0
2025-41,-0.11724531148892571,1.2028397517424438,0.5021733503649674,1.2079075748359989,13.0
2025-42,0.09944731947084565,0.9381964210149548,-0.21566555324346864,0.8224250347610169,41.0
2025-43,0.17740957259318318,0.8530090721797645,-0.33089031395602636,0.5156448699043874,8.0
2025-44,-0.13256015590296552,1.0917495002606539,-0.009387480455000256,0.7320150236169048,22.0
2025-45,-0.06681145295185763,0.7737758496500605,-0.3296631960786534,0.4770367285419034,12.0
2025-46,-0.35877208140519146,1.4082506228340208,-0.5443512945680321,0.05175862678657255,5.0
