topic,sentiment_mean,sentiment_std,subjectivity_mean,subjectivity_std,counting
Hazard,0.01774759112209395,1.0507340165216579,-0.09067441272013514,0.8167233086448582,120.0
Impacts,0.2443221185539301,0.6694234880891184,0.5951262949947573,1.3444554968747542,36.0
Mitigation,-0.0608534738655882,0.9759614222547673,-0.1835035394592696,0.8294748468362321,82.0
