topic,sentiment_mean,sentiment_std,subjectivity_mean,subjectivity_std,counting
Hazard,0.05837711736740526,1.0066048663194442,-0.029751197352644688,0.8929425276766887,253.0
Impacts,0.19612855373190236,0.8571989204151232,0.40754773005962003,1.297752729327409,70.0
Mitigation,-0.11481608364004482,0.9706542885348503,-0.17236239841600895,0.8310444079349995,153.0
