keyword,sentiment_mean,sentiment_std,subjectivity_mean,subjectivity_std,counting
'Dauerregen',-0.25322477348508454,0.5826393807929408,0.161709761412169,0.7038512288073888,4.0
'Hochwasser',0.3403472672323844,0.6793136199688914,0.0,1.0,2.0
'Pegelstände',0.7000735719701061,0.5885383584037504,1.7004712633348944,0.46700241776923196,3.0
'Regenmengen',-0.1677720144172362,0.7627345418244902,,1.0,2.0
'Starkregen',-0.05290244089780072,1.2331129671880423,-0.3643866992860487,0.5795201030939259,8.0
'Unwetter',-0.020502981111208112,0.736412420158404,-0.27735241968630964,0.5350951219572411,12.0
'Unwetterwarnung',-0.30869174687501977,0.7105050897405769,-0.5471846207173402,0.14138037970676473,2.0
