topic,sentiment_mean,sentiment_std,subjectivity_mean,subjectivity_std,counting
Hazard,-0.05130561676843024,0.9354216518385694,-0.05814648684413121,0.8754442530559666,101.0
Impacts,0.3697173069070831,0.5724996798121871,0.4248412148830412,1.3237615460324845,7.0
Mitigation,-0.23754703114378847,0.7274025957162392,-0.5495830712901986,0.034141468582482966,2.0
