topic,sentiment_mean,sentiment_std,subjectivity_mean,subjectivity_std,counting
Hazard,0.05123461296112,0.9913583532566227,-0.04428691338883389,0.8651099483649638,320.0
Impacts,0.15768112465642803,0.8706869675613264,0.2974549714713798,1.2455256300987865,83.0
Mitigation,-0.0966636799775887,0.9777951727081846,-0.10182491318914248,0.9272141696421174,173.0
