topic,sentiment_mean,sentiment_std,subjectivity_mean,subjectivity_std,counting
Hazard,0.07653178873334528,1.050122346994561,-0.07088649747510957,0.8450711282480573,184.0
Impacts,0.22161705509471666,0.6565599163628419,0.7062104340002664,1.4487235773563445,39.0
Mitigation,-0.10706908313228151,0.9310831449759462,-0.1703333361561286,0.8083673541740896,126.0
