topic,sentiment_mean,sentiment_std,subjectivity_mean,subjectivity_std,counting
Hazard,0.02472872968811938,1.0662494903218924,-0.08503556786334701,0.8400722579717217,127.0
Impacts,0.2603020284677261,0.6735323297685487,0.6126325868749941,1.370415295203527,36.0
Mitigation,-0.07781764292949526,0.9406332414488923,-0.1581334827516296,0.8176583818346663,101.0
