week,sentiment_mean,sentiment_std,subjectivity_mean,subjectivity_std,counting
2025-40,-0.6724315734792985,0.7161518942507108,-0.039600200744220215,0.5190840985344904,4.0
2025-42,0.07090972042669662,0.6354276399198293,-0.14208001156063413,0.8715737574653294,7.0
2025-43,-0.4969311999171414,1.0,-0.8620733738790944,1.0,1.0
2025-44,1.0313947254237292,0.08764102760497325,0.9166770227377801,0.3366160839838937,2.0
