topic,sentiment_mean,sentiment_std,subjectivity_mean,subjectivity_std,counting
Hazard,-0.2915137342964236,0.7648952562608247,-0.38643153198142055,0.536626396090579,8.0
Mitigation,-0.8682614658688474,1.0,-0.5773502691896257,1.0,1.0
